sequence,Label
VWDYKIAPLLCSTHL,1
TRNLMGVSELLISTA,1
SVLLVVALFAVFLGS,0
RCTVCEGPAIAIAVHSQTTD,0
TSSTPEAVSLLCSDK,0
FHTIYKKDNGSPTDP,0
VDVSEGDIVIYSKYG,1
MTEQQWNFAGIEAAASAIQG,1
FASVTYHVESDLQNS,0
KALYDAIRSPEFQSI,0
QLENDLDQVQESLLK,1
WILTAAHCVNGQSAKKLSIR,0
YYNAEKKLAFHTDTD,0
VCGLGAYLIGLGKQGGPGLC,0
GLEWVAVISYDGGNK,1
ALFQEKLESSPEFKA,0
KSKYKLATSVLAGLL,1
FKGETQINSDLTGYGQWEYN,0
PAAYAAQGYKVLVLNPSVAA,1
SESSSSSESHENNSS,0
TYDNECLLCAHKVE,0
MKLLHKVGSTKYKK,0
RKAQRKGSNVFSMFS,0
KGAGSSQDACIKFIQYEVDG,1
SVGSLGRYKDEKDVT,0
RHNWVNHAVPLAMKLIQQLN,0
VWNLTNCKLKINHIG,0
DSFVASLTEALRVIA,1
AARLVRLAAAGAAVT,0
DTNLASSTIIKEG,0
TEAEGGVYDISNKRR,0
YKLHFNAFEYFHLKQ,0
AEGLSGEPKGAAESS,0
NYPTFFNSTEYGVQF,0
GAVQNEVTLTHPITKYIM,1
HFFIGDFFVDHYYSE,0
PAESYFTTTVSHATS,0
PWLSATTVRSVTHANA,1
HVNSKVGSKSQTTTT,0
IISPSINADGTCGNG,0
MLNDIGINWVILGHS,0
AVFEAALTKAITAMS,1
KTDDQQAEEDYARRS,0
IVINNAGILNDEKWE,0
PSDKHIEKYLNKIQNSLSTEWS,1
TIVIRVQYEGDGSPC,0
STSVLGNVLINESFGVE,1
PDTAKEKPQEGTVVA,1
AYVATVSEALRIIAG,0
NEKGLEWLGQIVEGN,0
DSFQISWSAIWSTGF,0
LTAELKIYSVIQAEINKHL,1
PRSLFPEFSELFAAFPSFAG,0
QLKSPGVTLRPDVYG,1
ASDVVKKMVGETVESA,0
HGRQIRMAKLLGRDPE,1
RKYDEVARKLAMVEA,1
PNKSKLGANAILGVS,0
QLYSKAGADVSENMICGGDV,0
TPLLYRLGAVQNEVTLTH,1
GIVKENIIDLTKIDRCFQ,1
YNNNEAFKVENGSAAPQLTK,1
PVQKELLRRRYLPSPAK,1
VEVQLDPVYRPEDLCVNIDS,0
ALGLLALGSSLAMILGLPLGRI,1
GCIITSLTGRDKNQVEGE,1
QQIENDLDQTMEQLM,0
SPLSPKVLDNERKQSDPQSQ,0
PCRAGFETNVSHNVQ,0
RNATPITNKFTNTSGFANKT,0
QVNAKLDEKDKALQN,0
DVFVIREPFISCSHLE,1
KSAFVMANNLIEATQ,1
IVTTSTNDWVVTCSYTIPTCRKMDE,1
ECDFQEFMAFVAMVTTACHEFFEHE,1
DYHPSYYYGYATQYD,0
VAVLYVGAASEVEMK,0
GWYTYMLLPAALTGL,1
PQDFDLMYVSDIKNY,0
ENVIDVKLVDANGKL,0
LLAMTLRKFKNSTYF,1
AVLLVPANKKFFVNNLVFRG,1
EMLFNFLKEQLNKLLGLLRLF,1
LSGLEGELKGQFYPL,0
DAGTIAGLNVMRIINEPTAA,0
AMVDSAMSRNVSVQDSAGVP,0
SQSAIKSAANVEGDI,0
MALTGDATAVVLDMT,1
PEKPAEQPKPEKTDD,0
APGDSPNTDGIHIGD,0
TKPEACSGEPVVVHI,0
DKVGINYWLAHKALCSEK,1
YKIADPICTFIFSIL,1
YTQLGRAAATLMTER,1
DNLKTKKTPTFGSTL,0
AARLFKAFILDG,1
HKHYLVCNYGPSGN,1
RLPIVLNLVNRALAAPLNRA,1
CLREILRELDEQLTS,0
GLLVSVLVGLSILME,0
KLTYCPVKALGEPIR,0
FGIVGAYGAADRTNLQEAQP,0
PIYGKTISTPSDYM,1
CSKIPSLPDVTFVIN,0
KENALSLLDKIYTSPL,1
YRDLTIPVTEMQDPE,1
DLISDKVVHALESGL,0
LNAIEFINNIHDLLG,0
FPWDPVASKAAFYPL,0
ENDIKFAQEGISYYEKVL,1
PINSQLDYHVHGRTF,0
YTLDQVNQHKKAIEE,1
ECKNIINTLSQLKKI,0
EEKPAEPEPVAEEEPKHETK,0
RNSASMDLSSSSMSS,0
YKKVNEAYEGKTTYT,0
ENLREDGVWGRPHLS,1
RVLDGLVMTTISSSKDC,1
SHCCAFKNQKKIRGILESL,1
AHPADPGSRPHLIRLFSRDA,1
VSCVRFSPNHSNPII,0
SYSYNKDNNELSHFA,1
SSEEEDEIDGPAGQAEPDRAHY,0
VICTTKQYTRRCLSK,1
HFKSLGQTYTPADKS,0
NPNEPSNPNEPSNPNEPS,1
SPVASQSKAEKDYDA,0
MQGYPFNPCLTEAQY,0
YGKIIKRLEAKGFKL,0
IRHAILAAGDLYSRR,0
HSTCTVSNYQDPSNV,0
SSLFQVANQYTGILY,0
EVQKVSQPATGAATV,0
GACVCPNLQKYEKLK,0
LSYRSLQPETFAVVD,0
IVGLLHSLDSLKLALK,1
VAFNMFTDNVDQ,1
SKVHAIMNIGKECEN,0
NLKNFTFYSGETIHK,0
TVPGGGTTYIRAIAALEGLK,1
SIPVNREQCSFPRHRHELLQ,0
LDRNEDQLITGKVTE,0
IVTPYDKAVEKEEHH,0
LNFTGPCKGDSVTIK,0
SADFPQFKPEEITGI,0
NERAKSPAAMTAEDE,1
DRPFQTEYNPQLRYP,0
FGSTLLDVIQSGLEN,1
CSGEPVVVHITDDNE,0
LYLKRKLIYDAAVEG,1
TDVPMSLENFMNITG,0
SNKAFAEGLSGEPKG,0
LLADLQHSINKWSVIY,1
LPEFGGDTAYSDDFFVGRVG,0
AVRQIFGDYKTTICGKGLSATV,0
GLFGAIAGFIEGG,1
LEYYLREKAKMAGTLIIPES,1
DDLTVTNPTRIQTAI,0
SLYNLNYIGSEDSIY,0
QLVPKLDEVYNAAYN,0
ASGFSTSQLAMIQNA,0
EIQPFTYTKPFKTPY,0
KAAVHLLVAVKASKE,0
DHPNYMNWDTWRVYR,0
MPYQIASGFSTSQLA,0
KIEIDQDHQEEICEV,0
FLGIVLFIFGCLLVLGIWIY,0
VLTDSQKRAAYDQYG,0
SIEYILKDLIIKDPN,1
TKKIFDLTVANRTEA,1
SSLGRAGLTYEQYFG,1
SDKTIDGRGVKV,1
QVGSFIVSYLRNLRA,0
IEKLVLARALKLVLAV,1
SVLKDEAVWEKPFRFHPEHF,1
KTFLVWCNEEDHLRI,0
IGPKPTLIPSQSPMT,0
GEPIRFLLSYGEKDF,0
VIKGGRHLIFCHSKKKCD,1
GVKIGDTTVAPAGTQ,0
MFASVLPALLVFILI,0
PPPPQLGASPYKLGP,0
IIRFDENGVLLNNSF,0
SKDQFEFALTAVAEEVNAILKA,1
KTLTNKLKAAEARAE,1
AYSDDKSMKVTVAFNQFGPN,1
PMTLDQTNAKPVPLPPQGSD,0
AKDMKIMQNIAQTISLIAGQK,1
ITKNYDSKIKPYVLL,0
AENPRMEPRARWMEREGPEYW,1
KLTITGKGTLDGQGK,0
FRDRARVPLTSNNGI,0
ATEGQVRVNSIYQDK,1
DNILVIQQGQATVTV,0
GCPVYVGTKHAVVGI,0
LSQANRIASEAQKHLKNSQA,0
GYFFGFQGEKYPLYE,0
CFDQLRRRFGDVFSLQLAWT,0
VVDEANIETHG,0
YFVAILDYLNHMAKE,1
ILPLIFRELELQCLD,0
YPFLNLLHTPPHRPP,1
VDKNARGFYSGRLIPTCKNL,1
RNITGTSSTPEAVSL,0
AGAFHLLMAESLRIHYA,1
ADGSGELEFEEFCTL,0
THIDAHFLSQTKQSGENF,0
HGCFDQLSPLVGLTF,0
NLARTISEAGQAMASTEGNV,1
DKKVYRVFESTVTGR,1
KAYNAFKSLDIVINN,0
AAYKLAYKTAEGATP,0
RVPLTSNNGIKQQGI,0
ASVAILGAGFVASQP,0
KYEGAGAPCKVPIEI,0
PTNFNHTKLSSSSSI,0
IIAAGTSEALTQYKC,0
MNHLGNVKYLVIVFLIFFDL,0
TEKIKQVASISANND,0
WYVMVTAALSYTISRMEESSVTL,1
LEDELVHEKEKYKYI,0
DELDAEIAKLEDQLK,0
VPDFETVYMDQLFKL,0
SADEVQRMMAEIDTD,0
ELIHVLHGLYGMQVSS,1
PSSESQVNKSKRQPN,0
FQVAHLHAPTGSGKSTKV,1
RQYDPVAALFFFDIDL,0
RQEEEMKKAAEELAKLKEEFEK,0
RIHMVYSKRSGKPRGYAFIEY,1
SFEYFPSHFFVPELEVTIIC,1
QSMYENYIVPEDKREMWMAC,1
RACLGEPLARMELFLFFTSL,0
AGEAMVLVYYESIAYSF,1
FLALIPIDQILAIAA,0
LYSGFSFLFVQGNQRAHGQD,0
LGNIIQRLHGLSAFSLHSY,1
IDIDLCDICTNTMDV,1
ARTTHYGSLPQKSQRSQ,1
AGSKLCEKTSKT,1
VRLRSSVESTRGRSRPAPPPAFGLT,0
ALMPMNMAPITGRALEPYIS,0
LEKDNAMDRADTLEQ,1
NELLLDLSLTKVNATEPERT,1
QEFDDAVKENNSIKI,0
SINLMFSQMYHAQLA,0
AVGADESVVKEAHREVINS,1
YEKQDKYCGLPEHLL,0
IADGDNLKNFTFYSG,0
HQFERRAKYKKEPV,0
GNTPIFKSGRGCGSC,0
GHAVGLFRAAVCTRGVAK,0
LERAEERAETGESKI,0
FAGAWCVPKVTFTVE,0
RSAIVHLFEWKFADI,1
SNKRRMGLTEYDAVK,0
SYDIEANINNYKNPR,0
NDFLKTGHYTQMVWA,1
SLLELQKVFSKGTFL,1
EPLLPHQPSLETQLY,1
APAPKTGWKQENGMW,0
AGKYNLQVRGTRGEH,0
GDLLAEIETDKATI,1
EKIQVAEIYQHENYDSMTID,0
LIYDAAVEGDLLLKL,1
GPRSQGVFLARYGPAWREQR,0
CLAVLWVVKSTPAS,1
SDDNWLNFDGTLLGNLLIFP,0
YSFALMLIIIILIIFIFRRD,1
GAATVAAGAATTAAG,0
RFPYKVQAGKTTITR,0
EDLTLNDLETDVCTMDKCAG,1
LVKKGILPDLSRNRN,0
TQYKCWIDRFSYDDA,0
ERRAKEKLQEQQRDLEQRKADTKK,1
RQMVQAMRAIGTHPSSS,1
PITAKAIAASVG,1
MPYTTAVIHEVQRFGDIVPL,0
QKESHFVSARPQSQSQSPSS,1
PPERPFQATGITYTFPTDA,1
MDAIKKKMQAMKLEK,1
FGESNIVIGIGDKAL,0
VFLGPKYNYYGHEYD,0
VDSITEVECFLTPEM,1
LKLIETHLRTIPSHAFSNL,1
RFLWQLKFECHFFNGTERVR,1
TGEIPFYGKAIPLEVIKG,0
FTEEGAIVGEISPLPSL,1
KACNCLLLKVNQIGT,0
AAPAPAPAAAEPARQ,0
RGSRPSWGPTDPRRR,0
QWFKVSDKWYYVNGL,0
EHYDKFERMIKEHTEKFNKK,1
SNVASLKGFIT,1
IFDSRGNPTVEVDLF,1
LVRLLKQLKVSQIME,0
TGAYSNASSTESASY,0
EIFSFLISLIFIYETI,0
ITALCFSPNRYWLCA,0
LVYKIQPVNNAHGGG,0
PKKGSKKAVTKAQKKDGKKRKRSR,1
KKLQFTYSESLDLDD,0
YKLENDHPNYMNWDT,0
KDGLDLIKDAIEKAG,0
TISVDGVTPVFYNMV,0
RVWEQIFSTWLLKPG,0
LVNYEMKLLHKVGS,1
VVKDPYKFLNKEKRDKFL,1
LSSNDLAKYKANWIE,0
KALFLGLKTANILKP,1
SFIHIYLYRNIRIQL,1
VFLGSAHGIPKVPPG,0
EPFPKRVWEQIFSTW,0
ISSSIAEIYNRLEKVEADAQ,0
GKRVVLPVEIPIQCE,0
IEAEPPFGDSYIIIG,0
STPASLALPFVLILT,1
PYYTREELAFDGVKI,0
EFFGHSVNLLEVELR,0
PSEKALLNLVPVQKE,1
YDSLKEKLQKTYSQY,1
SSIVIPAAVGIKLNVTEDA,0
GKTEEVVFQQTKAIA,0
YNNLTVYYDHEDTKN,0
GGPPFTPTQKRKMAGTI,1
DKLTGPFTVRYTTEG,0
RNCELVGLHDLNQGS,0
TYIDPDALKELPLLKFLGIF,1
TFEIDANGILQVSAE,0
WQFKMDKIQIGNGSF,0
VDCYINLGARWSLDY,0
LMEYNLLPLLLSLLSKKKTLTSSGL,1
PAHLLKYDTTQGRFD,1
AGIMIFDPYGATISA,0
KFDSKKPKEDPGPARVIYTY,1
IFSILVLASTITILK,1
SLALTVPVLTFIDNHGEAWL,0
KLVFFAEDVGSNKGA,1
QRNSHDSSVVAQEQD,0
PQGPVPNTALFSLVL,1
ESKHGLTNTASHTRLSCD,1
KQGLVSQPIFSFYLS,0
HLFEWKFADIADECE,0
QEGPEYWEEQTQRAK,1
PNTDGIHIGDSSKVT,0
SEIEEFRDRARVPLT,0
PVCAHRETTIVSFGYSLYAG,1
VLQENQKILANAFNNAIGNI,0
ILAHFQVAPQETARS,0
GLTLNAKASRNLQDD,0
KESWSYIVETPNPENGT,1
DYQSYRTLMRKVYDA,0
LSGLPSGGEVLEISV,1
QTLFLLLLLLAAVSA,0
LLEQKRGRVDNYCRHNYGV,1
PAVPYGPGDFHSTCT,0
MSESLAIARFIARK,1
QDYKVLADKTYLTRQ,0
VPNVDIRARNYRLNH,0
APGAAAAPLSWSKDI,0
TTTRRICKLDCSKIP,0
LDWLNRIETYVKWPWYVWLL,1
VDFQNTPYCFDQLRRRFGDV,0
YVEGKRVDYNHHHST,0
VNTQFSSGWDESVPD,0
ERANSVTWNPHKMMGVPLQC,0
GQWRGAAGTAAQAAVVRFQE,1
REEHEKPDNNKKKAGSDNKY,0
PNLQKYEKLKPKYIS,0
SSRITTFFNFGYVAL,0
LFAAFPSFAGLRPTFDTRLM,1
TPEQIKTLVEKLRQT,1
GDLLLKLNNYRYNKD,1
TTVVKVKYEGAGAPC,0
IIPEQVTVGDSYDIE,0
GTCLESLRRYLELGKERL,1
YLYQLSPPITWPL,1
QVNKSKRQPNSRPRS,0
QFEIDRLAAALADAE,1
FQGEKYPLYENYIKG,0
KKDNGSPTDPKTLVK,0
GFPFKYVKDRVD,1
YDVFFAVANGNELLLDLSLT,1
CHHLDKSIKEDVQFADSRI,1
SLLTEVETPTRNEWECRCSDSSD,1
WARMILMTHFFSVLIARDQLEQ,1
ATAANAAPANDKFTV,0
VHFFRNIVTARTP,1
HYFNKFQMKQPYYTR,0
FTQLLTLFAGRMSGG,0
GNKGFVAFNDEFNND,0
QSKVWIKMSTSKMPH,1
AEIVMAIDSVHRLGYVHRDI,0
VIQTYTNVDQDLVGWPAP,1
MSSDSAVAALSAAMTSPQKS,1
YVVKSFDRSTKVIDFHYPNE,1
TDANKQKGIEWNHDT,1
LREEEYKQQIKTLNT,0
FGHDGTVWAQSADFP,0
PKYISDGNVQVKFFD,0
KELEEIVQPIISKLYGSAGP,1
YLLFCMENSAE,1
AGDYCDVISGSYENG,0
IRLHSDASKNKEKALIIIKS,1
HVWDGRSAIVHLFEW,0
LWKYNGEFSIQTDAK,0
CVVEKTTTRRICKLD,0
YGAFDPLLAVADICKKYKIW,1
EIYNKQKGMLVSHIN,0
NMYAMMIARFKMFPEVKEKG,1
PGTIKKISFPEGFPFKYV,1
PNANPNANPNANPNANP,1
LRKAFDAFDREKSGS,0
ADFKKNNNFVGIADLSTD,1
HELQQYIDNLNKTLVDLDWL,0
ENNSSPSSESQVNKS,0
VFFEEQEDEIIGFG,1
TKQIVGIVSWGYGCARKGYP,0
NYDVPTKDIFYNNLT,0
ARMELFLFFTSLLQHFSFSV,0
KGKTVLENFVEENLI,0
PQIEVTFEIDANGIL,0
AFFLDLILLIIALYLQQNWW,1
DQPQILLSDKKIAAM,0
CKTLTPLMSSKFPEL,0
NVTSIHSLLDEGKQSLTKLA,1
TWGDKFSADEVDDAY,0
GKLEYSYCAPEAGWQCA,1
STNKAVVSLSNGVSVLTSKVLDLK,1
FDNTIRVWQVSVFAR,0
SIGWAYQYALSSDSKNLSDLK,1
DSAFDVLSFTAEEKAGVYK,1
LGHDDAYSDDKSMKVTVAFN,1
AALAAAAGVPPADKY,0
DNEFVLVEFYAPWCG,0
FETIVVTVDSLPEFK,0
SKGDSARVTVKDVTF,0
TLIPSQSPMTSDDKC,0
ETQLYCGQAEGGSEG,1
PVWYGLDMNRGSQFA,0
TLAWGLLLMILHPDVQRRVQ,0
STSCNVVVASQECVG,0
RGILESLMCNESSMQSLRQRKSV,1
ITELEDVAERERLKA,0
KNESKYSNTFINNAYNMSIRRSM,1
GESKIVELEEELRVV,0
RTLMRKVYDAYEGKD,0
TRMQTQINGLNQGVSNAND,1
LKAGEGNKIGPE,1
LHRSGVLIIHHLQEDYRTY,0
QCPQNSGCFRHLDEREECKC,1
AVQVTFTVQKGSDPK,0
RVIVSEGKSKFTTEL,0
PPGLQGMPGERGIAG,0
REYTEDENPAIPKDK,0
YPTTYLNPWQWTQQH,0
DPSIHVLKMVAELTH,1
ERITQIAKGQEQWFRVNLRT,1
DNQPTVTIKVYEGERPLTKD,1
LQNHRIVQIEAKPNTLVLPK,1
SNPIIVSAGWDKVVK,0
AQTGNKTRLAFAGLKYADVG,0
AADKKKLEEVAGKYN,0
NKHDNQNNLPNDKSDRYIPY,0
LTLLRAFTEEGAIVGEI,1
TESNNQVLSASQSAI,0
TLDLNTPVDKTSN,1
TVYMDQLFKLIHVRK,0
LDYLNHMAKEDLVAN,1
YYYPEDLQSYERRVR,0
EATQRELRATQAELQ,1
APQLPDDLMIRVIAQ,0
NELNEFENNQRCMCEALQQI,1
SVRLQSWQSEMLRMN,0
IRTTKRFPIDFRKFS,0
LVVPRYAFAMERNAGSGIII,1
DVGVDVTVGLPVQKQ,0
WTQQHDTKLRIMKTH,0
VQYSRADEEQQQALSSQMGF,1
ANIDMLRLSEHLDYV,0
DEENGLDEYDEVPMPV,1
MGETLLRAVESYLLAHSD,1
FTVQKGSDPKKLVLD,0
GRGIEDSLTISNLTT,0
QDNSAKKEATPATPSKPTPS,1
NTWTTCQSIAFPSKTSASIG,1
NEYLLPQTVWARF,1
IAVGLLLYCKA,1
DCNGHGTHVAGTVGGTKYGL,0
GIQPKSASQIQAVPASQALT,0
EWQVAAENSDDTKFK,1
GYYRRATRRVRGGDG,1
LVLVGRANFLEKPVL,1
KSALVNEYNVDASRL,0
STRMELQHLQSIEVF,0
SDDDEVVIAAFKTFE,0
NENIKKLLEDIDKI,1
PETEKAEEVEKIEKTEEPAP,0
NPIVTDKEKPVNIEA,0
DSEEPLQGPFNFRFL,0
HEYEPLPEDVKKTSE,1
LTPCISTTILDLTT,0
VGLGNVNGVTL,0
AKQKAPELTKKLEEA,0
KALGVILTLPQRIIA,0
IFSGNMNIKLKMPMYIAGYK,0
SKLCDHEMRTKRDHV,0
EAHVKITKLSDLKAIDDK,1
LRPTFDTRLMRLEDEMKEGR,0
YVYALPTKAAHIVFP,1
EEPYFLISNLPYYIATR,1
YFTEDVFLNAFNTYF,0
ALLVLYSFALMLIIIILIIF,1
KINYDSLYNLNNIGS,1
VNNTDTNFHSDITFR,1
LRKYLTKEVFDNLKT,0
LTAPKTYIFPVNYTV,0
VSQDTNIPIYAQIFT,0
SSKAATAKAPGLVPK,0
LIDDVIAILPVDELY,0
DIKNYEKRVADAVDF,0
DVKLNMLGKAERVII,0
KFNKKMHEHSEHFKHKFAEL,1
ALTKAITAMSEVQKV,0
VFATITGSRTVVVQP,0
SNWWDNGDKQISFCR,0
GVHIPYKISASTNCATVK,1
NSIKIQLYTHALGVT,0
PCRSERLAKYNQILR,0
AAKNFLAAANAIDDY,0
SYVLEGTLTAEKTTLVVKEG,1
ATPPPPPPPQLGASP,0
LENNVMTFNVNVKDILNS,1
ERKQSDPQSQDNNGNRHVPN,0
DVASIHLLISRP,0
KSQTTTTQSSHCTCS,0
MKAVCVEVEKTASCGVWDEW,0
CGSSDLYLVTRHADVIPV,1
HVSGHRMAWDMMMNWA,0
IEEDSEAMEKELREA,0
TPGWLPINSQLDYHV,0
VASLLTTAEVVVTEI,1
VFIGKFYTEFDMENN,0
PTARSVGAADGSSWEGVGVVPDV,1
FWAVRGGGGESFGIV,0
FVIHLEAKVLNYTYEKSN,0
ETQACLRKKDRRVKE,1
KQHETFKRRVYKVYD,0
HCNEMSWIQSIPFVH,0
KELVEKYGKGKAIFI,0
GYFNTHTAAEVVQKG,0
GKAIPLEVIKGGRHLIFC,0
LRLIHYSYDVN,1
LLFCALASSCQVAFS,0
IPKGKKGGQAFTVYV,0
RNDLITFLEQETK,1
EEWEPLTKKGNVWEV,0
QTLIAIHTLAIRYAN,1
RDYVSELPTEVQKLKEKCDG,1
KMQAMKLEKDNAMDR,1
GYPRVMSSFSFDNSD,0
AELENQVHRLEQELK,1
WDEDGEKRIPLDVAE,1
LAWTPVVVLNGLAAVREALV,0
MDRADTLEQQNKEAN,1
FLGCLVKEIPPRLLY,0
LDGNLLSSNDLAKYK,0
QFLYALSSALFQRED,0
SSGKASYESFQNFRV,0
ILSCSRDKTLIVWKL,0
EHPETSLRDPAFYQI,0
LTPWGCYAKDMALFV,0
MANSRAFALVLLFCA,0
GMAKGVGIQVLKDGS,0
LAMKLIQQLNLNDNAIHLYA,0
LGPAANHYMKLVKKG,0
ATGLKYDANNIYLAANYGET,0
RRGPRLGVRATRKTSERSQPRGRRQ,1
LSKKRQVPLPRPLFE,0
TPEAKFDSFVASLTE,0
RSLTPCTCGSSDLYLVTR,1
DYSNTHSTRYV,1
PEDLCVNIDSNRVVVSGRHY,0
QGGKGPLLSILKAFN,1
TVSHPNIEEVALSTTGEI,0
NAVKVGKLEDVPNVD,0
TRINDLTDPNMLAHL,1
ELLAITTVVGNQ,1
DQLITGKVTEAQFSP,0
SKLTYENVKMEDVGY,0
VAASTKDDGKADFSNYGAVV,0
ELYYAIHKASTVLAF,0
GLVMTTISSSKDCMGEAVQN,0
TVRAMVVPEPEQLAE,0
TLFAGRMSGGSDDDE,0
KYLATASTMDHARHGFLPRH,1
MSYSWTGALVTPCAAE,0
HPSYKKLRARIRKDTVFIVP,1
NAGFKAALAGAGVQPADKY,1
GPPGTMGPTGQVGDP,0
AIIDTSKAIIVGPKA,0
SQPIFSFYLSRDPGA,0
GNLCYSGFQPCGHSD,0
GKARTAWVDSGAQLG,0
DAFSLDVSEKSGN,1
FLFKEGDRFLQHANA,0
ESPVDQDPDCLFCED,1
VVQQNLKLSSGKKQK,0
KGRELTVIDYELRNV,0
SNDRILLIKPLQIGVD,1
FYDQHYYEEKKRNQF,0
KPFTYNKAFKTPYNP,0
EFNNDLKQTLQTCLP,0
EYLNKIQNSLSTEWSPCSVT,1
FVEGNLKYFNMGVQK,0
LHFSEALHIIAGTPE,0
HTKLSSSSSITLTLP,0
EEKANLREEEYKQQI,0
HMAKEDLVANQPNLK,1
AALNRRIQLLEEDLE,0
AGELQIIDKIDAAFKVAA,1
KLQKTYSQYKVQYDM,1
LGKVTIAQGGVLPNI,1
LIPTDQVLAIAADYL,0
LLDYKLLQLFKLFENALFSLI,1
LRKGNYAERVGAGAP,1
NIRFRYIVLQDTCSK,1
INTHVQKGYMVSSMT,0
VFTDNSSPPAVPQSFQVA,0
KRDHVLPACRNSTER,0
PHDPLGMMHEMDRHIEELQN,0
SQQPFQIELNSRGEV,0
NSTERASDLNRVHVD,0
GVLAIHVNSKVGSKS,0
SVIPAARLFKAF,1
CTNAKVTAKGVSEAN,0
KLREKGVDVDKIIEL,0
NILNDAQTKLLA,0
AEFYYLQLAYTRHVT,0
STQLIMPVPGILLTG,0
SKAALTSKLDAAYKL,0
DDGVPTRIRSAVLDV,0
VETYVLSIVPSGPLKAE,1
HKPETFLSNSAVSRV,0
AYKEQIKTLTNKLKA,1
EMIQHYTLDQVNQHK,0
IAAPGCPNALKGKTV,0
APAAEAAPAPAPAAA,0
ERVQDNIVNRISDRLISYCT,0
ANNGNLQLRNKEVTWEVLEG,1
EMGLSNAVKVGKLED,0
PLLCVGLRPQWE,1
GGFKKTDKHPPKDWG,1
GVCWTVYHGAGTRTIASP,0
DAATAQTLQAFLHWAITDGN,1
SHNFTLVASVIIEEA,1
CVPKVTFTVEKGSNE,0
RKLRVNKFVELWEIN,0
IPANLLPTYNLIHNT,0
DSNSNEGRHHLLVSGAGDGP,0
EVDLTTDLGLFRAAV,0
ILSEGNSFTAPNESYKKQVTI,1
FGLVDGLNFAVQYLGKNERD,1
VFLNAFNTYFRYMYP,0
LFTGLNYDVPTKDIF,0
FTTKVIGKDSRDFDISPKV,1
CIIHRGKPFQLEAVFEANQNTKTA,1
VFLRKQWDVLRLVHR,0
SDKNKAYLHFLFEMT,0
DGPIRRNPAGNVARP,1
GYYYPSDPNTFFYAPPYSA,0
HGVDPNIRTGVRTITTGS,0
ISFSEQQLVDTSGPW,1
TFYKTACWARDRVNE,0
KEFYEKNLKEYTDKL,0
KDLLPILEPVAQSGK,0
AGFKGEQGKGEP,1
SSIIADQIALKL,1
TKEQLELVKSKSVSP,0
QFTNCRHNSAYKLHF,0
SHNQKLSKKRQVPLP,0
ITDNPYMTSIPVNAFQGLC,1
SETQHGTILIKVEYK,0
HEACYDQREPQAWCRP,1
KYSRDIGDAFRGNNA,0
EPGLAFVAAKFDGIL,0
KALFRRCAADYASRL,0
SLKMADPNRFRGKDLP,1
VDLLVNLLPAILSPGA,1
LTMSNVKNVSQTNFKSLLRNLGVS,1
SPWFTTLISTIMGP,0
KEGETLVIVETDKVNAEL,1
GFLTFCPTNLGTTVR,0
LFVVYRDSIPHAACH,1
CDVGSDWRFLRGYHQYAYDGKD,1
DSDKNPLFLDEQLIRAEFQR,1
SNWVWQSTQDVFYNGAYFVS,0
LLMKADPSIHVLKMV,0
ALASPGSCLEEFRASPFLEC,1
VKTLLPYGSVINYYGYVKPG,0
STADTYNLQYPAVPY,0
VVHKLNKKMKSLK,1
GDRFLQHANACRFWP,0
ICDDLDMTFTELIGN,0
VLILTVPLRRLILPLIFR,1
VNNLARTTPDRQAAC,1
AQAAVVRFQEAANKQKQELD,1
KCTEEDSGSNGKKITCECTK,1
MLVVAFEGSFLVQYIS,0
KQVHPDTGISSKAMG,1
QSPAILSVSPGERVS,1
MSMASSSSSSLLAMA,0
GHAFGAMAKKGD,1
RVNELTTINVNLASA,0
PADKYRTFVATFGAA,0
PYIIQLKTITHHQRL,0
QTLFAGYFDNTIRVW,1
AAAGAEAGKATTEEQ,0
FTKLVENAKKTENKD,0
WEGVGVVPDVAVP,1
APPPQLPRPPATPPP,0
YLESTKNILPSNVAA,0
PGMVQQIQSVCMECQ,1
VVTVRAERPGVDPDREMLAA,0
AMLWDLNDGKHLHTL,0
KFEGNKFTIDYNDKG,0
RRQRWAARYPPGPLPLPGLG,0
MMLTCVEIKEGALML,1
VAFNDEFNNDLKQTL,0
LVAGPAGSYAADLGY,0
EVLEFHQSLGALVEGTGHLL,0
LRQMRTVTPIRMQGG,1
KLTSGKPASCVDKNARGFYS,1
SYNMHWVKQTPGRGL,1
VPPLRVWRHRARSVRAKLLSQGGRA,1
KSMVILTSTVTAGTAE,0
TTLITNLSSVLKDEAVWEKP,0
SDVGEYRAVTELGRPDAEYWN,1
LTGYGQWEYNFQGNNSEGAD,0
LLLMITLLLIALWNLHGQAL,1
NFWRGENGRKTRIAYER,1
EQKKESKFLPFLTNIETL,1
MKKLGTLLVLFLSAI,0
SNLTTSQQDIVLADE,0
MHLFTGIQIICLAVL,0
EENIGIYKELEDLIEKNENL,0
NNGGKDGNLTNGPEL,0
KAAGLFNAPASQLAR,1
DVISGSYENGSCTGK,0
QSIALSSLMVAQAIP,1
SYENGSCTGKTVTVG,0
HFGEIIFGGSDWKYV,0
PSPAKPDPNLYNTLD,1
LSPQVLAAVIFIYFAA,1
LGLYRLFPTWMMFASV,1
IQVVLELLKALSFRKIILN,1
PSSPNATIVGGVKAKAGDCP,0
NHLYETPISATAMVI,1
ATALPKNETPEVTKAEETKT,1
APMSTPSATSVR,1
FSSQDEKGVTQNGRL,0
FIKEFPVVSIEDPFD,0
IYETFSKLIKIFQDY,1
GKAVGLHYFSKGNGENSYGG,0
YYEEKKRNQFCLSWS,0
SEEHHSHNQKLSKKR,0
RRFHPKLGDKEMIQH,0
LWKGFSFIMFTSAGSEGTGQ,1
QERCCNELNEFENNQRCMCE,1
FNIQYVNYWFAPGAA,0
TKRIKVAASTLRTYI,1
AIYFVFLRTSKNLELVES,1
GGDLGQVYRRLVTAV,0
GVVHCLQEVLKDYYTLVDRV,0
RDKTLIVWKLTRDET,0
MCLNTFVLKKEVSET,0
DTRGLPEDLQDFLAL,0
ILTVSVAVSEGKPTEKHIQI,0
LLTAMAMVTAKLATV,0
AEEVKVIPAGELQVI,0
VLASVSATHAKSSPY,1
YEKYEDDYARETPYD,1
ESSVDDRPMKTVSQD,1
IWYINCFGCETHAML,1
YDLSYDTGDQALQCGRHVDV,0
MWPFLRSSVRLISILSADLFNT,1
KEEHHFKAYSYCGVG,0
SSASAIIAEAQK,0
CMGLIYNRMGAVTTESA,1
AQIQVVIHLDEQYIY,0
FSADEVDDAYDNFEI,0
FKNFLNFLQTNGLNA,0
SSGWDESVPDEKLHW,0
WVPSKKCHLTNIACL,1
VGKMYFMLIDTKCYK,1
DFWQMVWESGCTVIVMLTPLVEDGV,1
ENGLISRVLDGLVMTTISSS,0
YKKILPTRSSPLISC,0
RLFEPFQGLFEIPSY,1
PNYTTPELNLLLDIFNQTKL,0
NDATYQRTRALVRTG,0
VLAFSEVIHQVEMHQ,0
VLGLPAIKAWVAKRP,1
ILIIFIFRRDLLCPLGALCI,1
SSFERFEIFPKESSWPN,1
RQNIHSLSPQEREQF,1
ERDDYVTIHWENIQS,0
SSLEVFFQQQRILLR,0
PIKDQADEAQYCQLVRQLLD,1
IAPYHFDLSGKAFGAMAKPG,1
EVQQKLIDDHFLFKE,0
EPLDVPDEPEDDQPRPRGDN,0
FKDKSAGTKMFLDAL,0
AELTHTESNNQVLSA,0
TLGSTSADEVQRMMA,0
ALNARGVLLLSTRDLAFAGA,1
IPADKVFLRKQWDVL,0
EEARSLQKKIQQIEN,0
DKGPGFVVTGRVYCD,0
GMFLYSFNIAIMHRE,0
VDPTDYFRNEQSIPP,0
MCSGKFSIDKEMAET,0
GATRERSLWIIFSKNLNIKL,1
LVSKYTDSQGKNRTT,0
GINLETGGNAWFTKL,0
FAERSVQKLQKEVDR,0
RLFHTQPSITYQTLK,0
CEALYEVDHLYPTTY,0
MASVEVESAATALPKNETPE,1
VKFFDTGSAVGRGIE,0
GRYKDEKDVTDITVK,0
DVVPEKYTIGATYAP,0
FKVLQLFTGLNYDVP,0
YPNGQEVPARPAYMM,0
LRQTKVPSLFVESSV,1
GIRIYVDVVLNQMSG,1
EDSIYPKSMLLNIFT,0
ASMAHNREELLRSLES,1
LYPHVSEDVIVDNPA,0
KLVLDIKYTRPGDSL,0
RHALMTWGDKFSADE,0
FFQQQRILLRLHRCF,0
QRPGFGYGGRASDYKSAHK,1
ATVELYYNAEKKLAF,0
KVGNEYVTKGQSVQQVYYSI,1
AHHPIWARMDA,0
DMQDIVVPAFYEIYP,0
KLIAYPIAVEALSL,1
PQVKYAVFEAALTKA,0
SLLGHITDPFHKHGV,0
IFKISKTVSEGAVDI,0
KDVTFRNITGTSSTP,0
YAYVAREQSCR,1
RTYIKVLRKLLGSANKI,1
EKRVADAVDFGYVFC,0
EARFTLNQEAHYQFD,0
LPACRNSTERASDLN,0
NDLLSVYNQVKSGAG,0
TDRDYDVLQWQTIPY,0
FYGHIFHMYRSLLGH,0
FSMFSQKQVAEFKEA,0
VSRSGDENAFRDMVR,0
TNQQRASAGQISTQPTF,1
GVALVRAINSLDNLR,0
AGTKMFLDALFRAGT,0
LRIKSYEDAKSPLTA,0
AAATATATAAVGAAT,0
AEEYEKLQNPNQSVV,1
LMYVSDIKNYEKRVA,0
QAEQSLIVLESDKASMEI,1
TPAAPAGAEPAGKAT,0
FQDGEHFGEIIFGGS,0
YNLQYPAVPYGPGDF,0
GVYTRVGNFVDWIESKRSQ,0
ALASRYLTDMTIEEMSR,0
NCVLKKSTNGLRIKS,0
TGRGIYHNDAKTFLV,0
DILLTQSPAILSVSP,1
LINIDKIYIKNKHKF,1
VIASLTCGRRFEYDDPRFLR,1
APAEPEAPAPETEKAEEVEK,1
QNPEIIPANLLPTYN,0
MNAWVAWRNRCKGTDV,1
NDYSYWLSIPALMPMNMAPI,1
TQSVPVRCPARRRQS,1
MALFVASYADNSNSE,0
KLCPNNLCCSQWGWCGSTDE,1
CNTCVTQTVDFSLDPTFT,0
TFFNFGYVALTIKHV,0
SQKDPHVWDGRSAIV,0
KQVTIRIGCKTS,1
NTALFKAIEAYLIAN,1
AKPRKISVDRGNNGHQTINK,0
TLDISNNRLESLPAH,1
MCTGKFKVVKEIAET,0
LTMTASHTRLSCDCDDKFYD,1
TTAAGAASGAATVAA,0
GRLIPTCKNLRPGPSPKEFE,1
SWYYLNSNGAMATGW,1
AFYPLNGPSKFSLVV,0
KLPINALSNSLLRHH,1
DERGTPEYNIALGQR,1
ECQDVLDCADPVTPP,0
EENLIAPVFSIHHAR,0
MATTYEEFAAKLDRLDEEFN,1
NYHSGYYRPNKQHGN,1
GIVEQCCTSICSLYQ,1
DHAREVKEKKRIMNDKKLIR,1
SEAQKAAKPAAAATA,0
KGSNEKHLAVLVKYE,0
DVTITAPGDSPNTDG,0
KEENVEHDAEENVEHDA,0
AVGFGSSTMGGKGGDLYTVT,0
AAVEFVGAFVVDAYA,0
GLLAEITPDKAFQDK,1
TEADLKKAVNEPEKP,1
SFLLDILGATGSDSLTLV,1
EIECTKLGNWSAMPSCKASCK,1
MIAATYNFAVLKLMGRGTKF,1
EALVTHGEDTADRPPVPITQ,0
GFLSTDVLDIGGLKV,0
QTHQSVAISRYLGKQ,1
CKAKDISLEVLKNYQ,0
KTDCTKEVEEAWASA,0
YEVRAELPGVDPDKDVDIMV,0
EKPKFEAYKAAAAPA,1
IVPLGVTHMTSRDIEVQGFR,0
RFPIDFRKFSNNFEF,0
EFQSIVETLKAMPEY,0
ALGVTGNTHILHYLR,0
EAVLEDPYILLVSSK,1
EEILGPDGNTPQFEN,1
HLRQDFASVTYHVES,0
MLMRTDPFRELDRFAEQVLG,1
PTLKFFRSGSPIDYS,0
GKDYILRVSQLGHTV,0
VNVKDILNSRFNKRENFK,0
AKQLSAKDPNNKEFY,0
AGEKVRIIIDRFMDF,0
ASLKPEFVQIINAKN,1
PQAISSVENIEGNG,1
DIFERIAGEASRLAH,1
FMVQSLERVVEHNPR,0
LVTAVNDIEKRVPFS,0
NSYVTPICIADKEYT,0
PDFLALYNAIKSPEF,0
LHYLRPYIIQLKTIT,0
HRDNIEDDLLNRNNT,0
EAAKPAPAPSTN,0
VIGIGDKALKINWYK,0
DLFLTGTPDEYVEQVAQYKA,0
FLLSYGEKDFEDYRF,1
EAPVKVGENKSLTMNESGQV,0
YGNKCNFCNAVVE,0
ALLCCLLVSAASAIT,0
GKKQKHRNVKSHRIR,0
YIQQNGNLCYSGFQP,0
PEHLLIPKGKKGGQA,0
LYHVYEVNLVSEHIWCEDFL,1
PKLAKYLSERHATAF,1
EVCNDEVDLYLLMDCSGSIR,0
ENIQRFLPNPAGVQLEDPEF,1
RWGTYAIGGSSA,1
ERKLGLILERTYDPY,0
VHAVKPVTEEPGMAK,0
GRIRVLQRFDQRSRQ,1
DEQEYYVKLGASVTG,0
FLSTGMVFENLAKTVLSN,1
LKADVFFNKFNPTDN,0
ADKDGIISKNDLRAT,0
ISQLQVVVDEDKKVY,0
GFPGQDGLAGPKGAPGER,0
EKVDNLGRSGGDIIK,1
AKASRNLQDDLQDFL,0
KKTPTFGSTLLDVIQ,0
PGIYRFVAPGERPSGMFD,0
LNLTTEFFGHSVNLL,0
SIVPSGPLKAEIAQRLE,0
SEKDTPVYVRVFLGP,0
IGTLKKILDETVKDKLAK,0
FVDGKEVTSKPANKVS,1
GGDRGAPKRGSGKDSHH,1
YLEASGAMKASQWFK,1
CAAFANHSGRPFRPNGLLDK,0
ARKLAMVEADLERAE,0
KTEEPAAPPASEQETADATP,0
MVEADLERAEERAET,0
VEGEVQIVSTATQTFLAT,0
PRVGEDRHILPRFTI,0
DVVPMSQQPFQIELN,0
LEPLGLVEEGAKTAP,1
NGFIRIIPLFTDRDY,0
QGKAHNGRLITANPV,0
LLILRAIPKGIRDKGAK,1
ILQQQLIPCMDVVLQQHNIA,1
PGMAKIPAGELQIID,0
SDYVYEPFPKRVWEQ,0
SEMVEPKEASHLITV,0
ARYFLERLSNDLPDV,0
QLNSPWKQVSAELAF,0
GKLEDVPNVDIRARN,0
CLSGFMGIDLPKGPL,0
WKRVQHYFNKFQMKQ,0
EDTKNHAVSFTVTKE,0
PRFIAVGYVDDTE,1
INYNLKQHETFKRRV,1
QVYRRLVTAVNDIEK,1
NKEKRDKFLSSYNYIKDS,1
MKELSPRWYFYYLGT,1
SQKDLLEQRRAAVDTYCR,1
ITDPFHKHGVAPSAL,0
DNRVTVHAKKETTTGGKKCS,0
GELKGQFYPLTGMTK,0
VYKPQVPIMNIYSAF,0
RPFFYQEVIDLGGEA,0
YNTLKHASGGEKIQVAEIYQ,0
AGWLADRSVRYPI,0
ARGLTGRPGDA,0
PAEDVSLMASIDSMI,1
FAEYKSDYVYQPFPK,1
IPKDKQPNSHPRRQE,0
RKVEVHVPVKFQINL,0
PHDSVYDKKPLGFPF,0
LSLIRAKHRTFVTTS,0
CRFWPTGRGIYHNDA,0
FKADEKKFWGKYLYEIAR,1
KDKYKNIGAKLVQDVANNTNEEAG,1
GKVTEAQFSPVNTQF,0
LEDLLMGTLGIVCPICSQKP,1
QPNLKALREKVLGLP,1
AAIFLYNLSVKSGYFL,1
VLGGGVALLRVIPALDSLTPANED,1
KIAAMKDLLPILEPV,0
DIIAILPVDDLYALF,0
KSAANVEGDIYSEMR,0
AGTWSALNSIQQFIS,0
ATDYENYAIVEGCPA,1
FKSLDIVINNAGILN,0
AKRLDACQDQLLE,1
LERVVEHNPRKVIDL,0
KPFTYNVEVTSEKDT,0
AEKAEEEARSLQKKI,0
DLYCYEQLNDSSEEEDEIDGPA,0
DDFMLKLDGTPNKSK,0
EKIEKTEEPAPEADQTTPEE,1
RFLGPKGFAGVQVSP,0
IRLHTLLAVLTAAPL,0
CLELAEYLYNI,1
DIKFLPFKVVEKKTKPYIQV,1
RCNNVGIRIYVDVVL,0
MKDFDEPGHLAPTGM,0
GVYYTTYAPQATSAH,0
TVAEEHVEEPTVAEE,1
ISEIRDQSSTSSTWAVSSAS,1
VIYNINSTIVRSMKDLMQ,1
NTGVINILNSASRVAKNG,1
TATAAVGAATGAATA,0
VRDLKIKSVYIPYLV,0
HKVEQGASVDKRHD,0
IVGYIMHGISTINTEMK,1
KHFNLKYEDLHSTCH,0
NFPNTIISKLIEGKFQD,0
DNAMDRALLCEQQAR,0
ELFYYANDYDTFYKT,0
EATTDGLGWYKIEID,0
FNVSIETPVLSVNAT,0
KNILPSNVAAAAQNC,0
TFDNFTYSAHHIVQN,0
NLADAVSKAPQLVPK,0
GPGDFHSTCTVSNYQ,0
FLVGCHPSDGKCNLYADSAW,0
ALWNLHGQALFLGIVLFIFG,0
RVFFDTNKSNIKDQY,1
SSSSSESNESVLAKK,0
SKWIDKDQLTALYME,0
FGAQFITWRGIPLI,1
FTTTVSHATSLVNGS,0
SGFQPCGHSDHFFIG,0
ESYKFIPALEAAV,1
SDGKAYIEILSSADD,0
GAPLGGAARALAHGVRVLED,1
AALGIGTDSVILIKCDERGK,1
SLTMNESGQVGIQPKSASQI,0
GSSQHQERCCNELNEFENNQ,1
RVTEFKYSRDIGDAF,0
CTSICSLYQLENYCN,0
ALLFLHLFNGLSTSLPL,1
APGNRGFPGQDGLAG,0
KVNATEPERTAMKKIQDCYV,0
LKRRIMPEDIIINCS,1
KNDMVINLNQEL,1
PLLGIIGKLDASVQP,0
QKFSEHFSIHCCPPFTFLNSKR,1
STSLVKAHSMRNSAS,1
ENSYEKSMSVV,1
LTFTTNKGRVATFGVRRGRY,0
GQGVPINTNSGPDDQ,1
SSGLTTEQPVTFRPR,0
KGNGENSYGGNGDMTYARLG,0
VVKNFMALYKKDPVK,0
NEGVIVKVSKEHVEE,1
LLAVLTAAPLLLAAA,0
VNGSWYYLNANGAMA,1
VSSKRNLADAVSKAP,0
GENRFYYSSGSSSPTHAKSA,1
LIKGRTPIKFGKADCDRPPK,1
AVTPSVIDNILSKIENEY,1
GSQHVATVELYYNAE,0
VVLGLATSPTAEGGK,0
NFGSQRFSKIASNTQS,1
RILLRLHRCFQVLGR,1
DRKMYWQFKMDKIQI,1
QNKEANNRAEKSEEE,1
KEGDSYYSMMKYNLD,0
ELTEDLNMELRVFFD,0
DLAVELAYLGNL,0
DIVTLKTEVLTTVQE,0
WEVRREKEELKKDKEGKVSTL,0
KLIVTSEGAFKYFSK,1
AAGVPPADKYRTFVA,0
YKQQIKTLNTRLKEA,0
KTLVKFVEGNLKYFN,0
SRLSKVAPVIKARMMEYGTT,1
SENMICGGDVANGGVDSCQG,0
GSAGPPPTGEEDTAELHHHH,1
QDWLGVSRQLRTKAW,1
ERQGVVGLFQPGLVG,1
PGYPIRALVGDEAE,1
NTYKHRLQKRTMRPT,1
IISSPFRPWWERYQL,0
SKSVTVKELTLMNSPEFHLV,1
RMSGGSDDDEVVIAA,0
EIRLKVFVLGGCRHK,1
VPKIAPKSENVVVTVKVMGD,0
ITCGQVSSALAPCIPY,1
KAALLAAVTLLEQPN,0
VHRGAVPRRGPRGGP,0
KPLVIIAEDVDGEALSTLVLN,1
SKDFQYTNEANIYKL,0
DAWREGEEFVVEFDLPGIKA,0
KRHDGGCRKELAAV,1
LMCEIEGHHLASAAI,0
FMVAMFLAVAVVLGL,0
AVKPAAEEVKVIPAG,0
LPACVYGPAVASGYDFE,1
VADKYDVQVAIHTDT,0
AAKHMWPADLQYIYS,0
TGKIINFIKFDTGNL,1
NFTLKDNTRAFNVSI,0
SGPFFTFSSSFPGHS,1
INTEKQGTPEQMRQAIEFVK,0
KAKEEAPAAEAAPAP,0
SGFLREVLNAVPVLLHIPAL,0
SHLVEALALVAGERG,1
LSRFSWGAEGQRPGFGYGG,1
LKLVLAGSSAVHVEL,0
VPRLPEQGSSSRAEDSPEG,1
FAGAAGSAKSAAGTASHVSI,1
EVPARPAYMMPQDFD,0
IALMFVCLIIMWLIC,0
RYMGKGVSKAVEHIN,1
SILLMEGVPKSLN,0
AFVFLQILNNLVTAYMLM,1
ITDTTIGTGDDCISI,0
CGHSDHFFIGDFFVD,0
DRRGEMFYYTRQQLY,0
GGSILQTNFKSLSSTEF,0
VYYIPLEAVKFV,1
GLSLSAPSTGAGGGLPGPG,0
DKILVQAGEAETMTP,0
FTVYVIVTPYDKAVE,0
PRTSFAKRFAKWALP,0
LGNVLINESFGVEPVHPQDG,0
YIVMSDWTGGALLVLYSFAL,1
LDDAKAAQKKYDEDQ,0
DRTGVRVLTMCPGVT,1
GDGKISLSELTDALR,0
WTTSQEAFSHIRIPLPH,0
EAAFNKAIKESTGGA,0
LDQNEHADIRVEALF,0
FHLKQHKPETFLSNS,0
VLAKSPDTTCSEIEE,0
LGPEAPHVDYTQLGR,1
VIAELTPDGAKPSECISIAW,0
SNNLEYIVGRAWIGF,1
SSYINTFDNFTYSAH,0
PPNPPNPPNPDIPEQEPNIP,1
DRNTQRQTVRYSVSE,1
TWADFYFVAILDYLN,0
AMPEYQSLIQKLKDK,0
GGDQGPPLMTDGGGGHSHDS,0
EDLQVGQVELGGGPGA,1
TDLKVYYGENHVVLK,0
LLEMLWRLGATIWQLLAFFL,0
LGYTFQDSQHNNGGK,1
QQFISSEMVEPKEAS,0
CPTNLGTTVRASVRI,1
DWVSLWKGFSF,1
EISPAMLNDIGINWV,0
SSLVISYSTVDRLVC,0
ENGDVKFDLIPKENTERSHK,1
DKDAFGGVYSGPSLLDVSQTSVTA,1
DSLKLALKIEKLLSYGLTMA,1
DRIEKDRLQGMAPAA,1
LEDARRLKAIYEKKK,1
KIYVGRAYVRDLTPDE,1
EAFLAEMEKAKGNPESSFND,0
SYKYIKESVENDIKFAQE,1
NNIDFQIDAEAKIHG,0
YEAFVLHFSEALHII,0
IQGKFGLDATAVGDE,0
AKYNQILRIEEELGD,0
HGVFAFLLSPSPYELCAVPR,0
DIELLKKILAGGFIQKYDSVMQ,1
TAKDGMEYYNKMGELYKQ,1
AKFVAAWTLKAAA,1
DELDMMIEEIDADGS,0
GEKDFEDYRFQEGDW,0
GISYYEKVLAKYKDDLES,1
INQIDSDNKLGVGSDDTVAV,0
MKLFPLVALLVLVVG,1
LVALGINAVAYYRGL,0
IEDYHGGFKKTDKHP,1
AITAMSEAQKAAKPA,0
LLLVDLMHRRQRWAARYPPG,0
GLGWYKIEIDQDHQE,0
GKLYTYFEPYEMGLS,0
GTSLTIPCYFIDPMH,0
ADAGYAPATPAAAGA,0
TLERQVYELNKIQDKLPEKL,1
TPPSPAKTDEQKKESKFL,0
KREEEAKTKFNTVRA,1
ARRRLLVLDAVALERWPRDG,1
AFALVLLFCALASSC,0
IHSTEYTGFGRVTEF,0
GIDFYTSITRARFEE,1
TDKLDKLDKESKDKF,0
CLSWSVYKPQVPIMN,0
PGKYTAYEGQRVVFIQ,1
AASGADGTYDITKLG,0
VVIAAFKTFEDDGKI,0
IPVNFTLRNQEQLLS,0
PHTHVIPVNFTLRNQ,0
GVYDISNKRRMGLTE,0
LENGIIFAKNIAKQL,0
LKFYSKISEYRHYCY,0
LTVFDSTSCNVVVAS,0
LQLAYTRHVTKAALL,0
VDVVLNQMSGSWPDA,0
IIKMMESARPEEVSFQG,1
KNTIVIPKGDFLTGP,0
KGGRKPARLIVFPDLGVRVC,1
GAYYGSGTPSSFP,0
YLKGSSGGPLLCPTGHAV,1
KIPKKASEGAVDIIN,0
ELNYFYHDVGLNTYY,0
PAIKAWVAKRPPTDL,1
VLESDLMQFKHISSNEYI,0
NGKLKVVTTNSILYDMAKNV,0
IEIRDVNKEKVVGRI,0
TVDFSLDPTFTIETTTLP,0
WTDKGCFCEDKLHSCVIERKN,1
LYGFVTLTLICSLIT,0
RAPRKTSERSQPRGRRQPIPKARR,1
TKGEGGVWTFDSEEP,0
KAYDYKMKESGHLNE,0
TEAQYKEMEDKVSST,0
MRMATPLLMRPLSMD,1
RIAHRIKGFRSLPFIIGCNP,1
ERTYLVNDKAAKMHA,1
LLDKAVSNVIASLTCGRRFE,1
KQKVAGPLCVRMDQAIM,1
SEVTALNRQIGGTPI,0
INADGTCGNGWVCEH,0
FLNNIETLYKTVNDKIDL,0
ERANLRPCEQHLMQKIQRDE,1
FTTMPFLFCNVNDVCNFASR,1
CARAQAPPPSWDQMRKCL,0
VPKNPEDDREENFDIPKKPE,1
QASNMYRNFTKGLCG,0
AEEEKPITEAAETATTEVPV,1
DTSSSSESSSSSESH,0
IHENLIVTSPFRPWW,0
SEASLNLKRAILAHF,0
EPLHYDRPFQTEYNP,0
VLAALFAGAWCVPKV,0
WTSYGILIARKGDRI,1
NASAVIQEFLKTYKK,0
QTINKTAHEIIDA,0
RLTDDGVLMLEAPVKVGENK,0
TWFNYTKYEYDVPRH,0
FRPWWERYQLVSYKL,0
TGHMILAYMEDHLRNRDR,1
AQPPRDLTEAFLAEMEKAKG,1
NQIAFSPNRFWMCVATERS,0
SKAIIVGPKAYVNPI,0
IHVRKTAHFEKKMGE,0
SIPETVDPLTVSAQVVDNML,0
VELEEELRVVGNNLK,0
PSQGKGRGLSLSRFSWGAE,1
VQASNGPLSASDASAL,1
AVFGEIRTTKRFPID,1
MFRLVVIATLLVASC,0
GVFNYETETTSVIPAA,1
SSKVTITDTTIGTGD,0
YYRQLAGKSVDPYNN,0
YFEPYEMGLSNAVKV,0
AETQHGTVLVQVKYE,0
SLENFMNITGSINLM,0
SQEYSGSVANEANVY,0
NLNKTLVDLDWLNRIETYVK,0
VFIKRVSNVIIHGLYLYG,1
FGKQGFFPDSVNKALY,1
TVRTDAVNKEAL,1
PRGGPGRSYAADAGY,0
DRHILPRFTILVRLL,0
NPEEGKGENPNGFDLDENPE,0
NKGAFKYIKPQSQFI,0
SEFAYGSFVRTVSLPVGADE,1
EEYTDNWLAVYFFTSGN,0
FAGLKYADVGSFDYGRNYGV,0
TTFNLLDKVMKKAKD,0
ASIDSMIDEIDFYEK,1
PINGWAVYSKDNSIRIGSKG,1
GAKPSECISIAWSADGNTLYS,1
DNTRAFNVSIETPVL,0
PYSVLATDYENYAIV,0
DGTQQFYHYASSVKPARVIF,1
HDEFLNEDIFLKGID,0
AANKQKQELDEISTNIRQAG,1
KRVFCAAVGRLAA,1
AELKKQSKPVT,1
ECGGILQAYDLRDAP,0
PRGPPLSSSLGLALLLLLLA,1
QFYYDKSEQYCGYPE,0
SMAKLRERLSQRQK,0
EFCTLASRFLVEEDA,0
GNQNFLTVFDSTSCN,0
AESEVAALNRRIQLL,0
GALEVHAVKPVT,1
FGESYIVVGAGEKAL,0
VQVSPVHENVIISSP,0
QVEKLIKNQKESHFV,1
IPSCPEGTVPLYSGFSFLFV,0
ESDEAFKMTMASALASR,1
VRSGGHDYEGLSYRS,0
DATAVVLDMTLKFEG,0
IDLFKNPYDFEAIKKLIN,1
ADDLEGEFTEETIRN,0
GTKGEAKDVIPEGWK,0
GNRFLAPDDQIK,1
YRNFTKGLCGNMDGE,0
VSEKPLDTCMPLICH,0
DELKHLIKNACSILP,0
HGVKAQLNSPWKQVS,0
EEIVKFLAAGPLDPN,0
NQLNEIRHAILAAGD,0
ASEQETADATPEKEEPTAAP,1
TSYHFRASLNKADPH,0
FKHKFAELLEQQKAAQYPSK,1
DENPAIPKDKQPNSH,0
NQRALYHTENAYVSVVS,1
VQYLGKNERDTARRSNGDGV,0
REEALHQFRSGRKPI,1
LNDYILPAPYEIYPW,0
CLEWINKQTSLLRKNI,1
EPGEVLVEIETDKAQMDF,1
SWFITQRNFFSPQII,1
MRKLAILSVSSFLFV,1
SAYLAHRNQSLDLAEQELVDCAS,1
GLYNLLIRCLRCQKP,1
SNLQLIYNLTLCELNGTDWL,1
EQERIVKIEAIKKSL,0
DKKQRFHNIRGRWTG,1
EGHHLASAAIFGHDG,0
KFKGKATLTSDK,1
KKRFMKLNINVSLPQTLSLK,1
GEGAVQWMNRLIAFASRGNHV,1
MALYKKDPVKRGEPF,0
VKGCQGLTVLDDGAGGKKLH,0
YRLNHKPFTYNVEVT,0
MMERVVEQMCITQY,1
LENFVEENLIAPVFS,0
DVLAVAFSPDDRLIVSAGRD,0
HHDDSLPHPQQATDDSGHES,0
DGFLVGGASLKPEFV,0
GKDCKAMLWDLNDGK,0
ATDKEGKDVLVCNK,1
FKEVLLSYQSKLGPMKWLE,1
AMKKIQDCYVENGLISRVLD,1
IEAAASAIQGNVTSIHSLLD,1
GHSHFVSDVVLSSDG,0
LFDYNEKVDNLGRSG,1
ILEPVAQSGKPLLII,0
LDVAEGDTVIYSKYG,1
GQLKLNWFKKGSS,0
AQGYKVLVLNPSVAATLGFG,1
VLSDPRKREIFDRYG,0
YAGEPAPFDETLGEEDKDLD,0
IKDRISVVQALVLT,0
ICDECHSTDATSISGIGT,1
GIPAIYLESTKNILP,0
ANWIEIMRIKKLTIT,0
AFVKHLTALENTDGH,0
ALKALNAHWSADAVY,1
LLVRIQQPNYYADQY,0
MSTNPKPQRKTKRNTNRRPQ,1
SPCSVTCGKGTRSRKREILH,0
EHGSDEWVAMTKGEG,0
CGYKDVDKAPFNGMTGCGNT,0
LLWLLLFLAILIWMYYHGQR,1
DTPYLDITYHFVMQRLPL,1
GVYATRSSAVRLRSSVPGVR,0
NEVFSNKLINHKHMN,0
VYIGNGGPCVFIKRVSNVII,0
AGNTYVYSFEGGTTT,0
PYVSKNPRQAYANYR,0
PGHGISVGSLGRYKD,0
YFSKAYGVPSAYIWE,1
DNEILQIVDELSEDITKYFMKL,0
IMVAFKGVWTQAFWK,1
IVSYLRNLRASANPS,0
AIAQRKLSALSAELE,1
IRRSILPYGDSMDRI,1
TSAVGAPTGATTAAA,0
HKHGVAPSALEHPET,0
LEIPDRDSEEELENI,0
RSTMKPVQKVLEDSDLKKSD,1
GIGTVLDQAETAGARLVV,1
YEMVFDGKPQHTNVCFWYIP,1
TPNMFMKDVFIFHKK,0
DSIAALKDKPDNPAL,1
QQEVDYIIDHVDQHN,1
TFGGLLGEKTRNLMG,1
EGGSEGPSTSGTLKI,1
KLAASDSKSLLRKYL,0
ERIFKRFDTNGDGKI,0
LVLGENLDTERILASYQEGV,0
LEPGDTIIFEANGNLIA,1
AKQRFNHAIRGKRSV,0
YEKLKPKYISDGNVQ,0
KFADIADECERFLGP,0
IHKASTVLAFPAGVC,0
RNSRWSSPDNVKPLY,0
PAYFKMNSPSLWKYN,1
KPTQAFVKQHLCGPHL,1
EALSQLTSQLQKNFQAISSS,1
NHYMKLVKKGILPDL,0
HPGNTILHVDTIYNRPSNTT,1
LDPYFNLVSPEVYNY,1
GTVKDRSPYRALMSCPL,0
PYYLSDITDALSPQV,1
PALDSLTPANEDQKIGIEII,1
KPQEEKEKITKEILNGK,1
GQDMSEEETEQNPEI,0
FLVNGRDVQNNIVDEIKYRE,0
LPVKKATVVYQGERVK,1
TVTVGSDGKAYIEIL,0
MAQVEEVRVFEGTE,1
GLVPKLDAAYSVAYK,0
WGYIPDGDALVFVDN,0
TYTKPFKTPYNPQLR,0
SIDKEMAETQHGTTV,0
PAGTQAIIDTSKAII,0
LDVVCAMIEGAQG,1
PDAGPPQRWFVVWLGTANNP,1
DAEAYTVFADLFDPI,0
GNQWVGYDDQESVKSK,1
PGEINRVASCLRKLGVPPLRAY,1
VYDALGYTDMLPEFGGDTAY,0
DEVLVEIETDKVVL,1
VEVKIKELNYLKTIQDKL,1
ALTGGMELTRDPTVP,1
KTTYTYEKQDKYCGL,0
ISTEMVGTILEMLGT,0
APCKVPIEIRDVNKE,0
GQSAKKLSIRYNTLKHASGG,0
QVPLPRPLFEANFDA,0
NLLLDIFNQTKLNLTAEIDQ,0
DATYSRCGSGPWITPRCLVD,0
MHWVRQAPGKGLEW,1
VVGAGEKALKLSWFK,0
AAWGGSGSEAYQGVQQKWDA,1
IMHREDMQDIVVPAF,1
VQNRFNSAITNLGNT,1
KIFQDYPLQQTYAPV,1
DYEYLINVIHAFQYV,1
KAERADLIAYLKQATAK,1
VETLKAMPEYQSLIQ,0
QAPGKGLEWVAVISY,1
GPRYSTQRGVYLLTSHRTAT,0
KFTLEGKDYILRVSQ,0
YVNPINEAIGCVVEK,0
WANLMEKIQASVATNPI,0
YEKAKNAYQKANQAVLKAKEASSYD,0
GHLNEPHTHVIPVNF,0
WCNEEDHLRIISMQM,1
QFLGVPYAAPPLAERRFQAP,0
DRVNEGMFLYSFNIA,0
YTNEANIYKLNIAEI,0
KEIYNYMEPYVSKNP,0
YIDYRARQTRLNHKP,0
PLKMLNIPSINVHHY,1
HLDYVKNLTVSKLCD,0
EEADKKYDEVARKLA,0
ATLKALQNAHHLNDA,0
GDVVAVDIKEKGKDKWIELK,0
AMVYLGAKDSTR,0
LEAIRQLKLSVANSVNFA,1
PYYTTQSYETKLLFD,0
TGMTKEVQQKLIDDH,0
MVGTILEMLGHRLDD,0
TFVINGRNFNISSQY,0
TGDVGQMGPPGPPGP,0
FASFDVPSKQPTIDIDLCDI,1
PRFTILVRLLKQLKV,0
WNEKYAQAYPNV,0
SLPDVTFVINGRNFN,0
KTGQALVVGIYDEPM,0
KFGADARALMLQGVDLLADA,1
FEAQKARANKAVD,1
LDTCMPLICHATESY,0
PTKAAHIVFPSYEIE,0
SFSLPYWNFATGKNVCDI,0
AKYKDDLESIKKVIKEEK,1
NDAFGVMPPVARLTPEQ,0
LYVFVVYFNGHVEAV,1
YISPYFINTSKGQKCEFQDA,1
LLSCLTIPASA,1
SEKYKSDLDSIKKYINDK,0
AANTWATPILPSSPNATIVG,0
NPFDYTKEPSKNIYT,0
NQNLRVAKISMPVNT,1
FLVAHTRARAPSAGERARRS,0
TIDGRGVKVEII,1
AYRVTKDAQLSAPTK,0
RKGVLFNIQYVNYWF,0
KRLHQWISSESTTPCSGSWLKD,0
VAVISYDGGNKYYAD,1
IEDSFKLLNSEQKNTLLK,1
MNSPSLWKYNGEFSI,0
DRPIHSYDFVTPNMF,0
TTCSDKSRPLNDLVS,1
YNTLDLNGGKGGPGD,1
GMEVGWYRPPFSRVVHLYRNGKD,1
YPKPDCTAEDRPLCG,0
ATPEAKYDAYVATLS,0
SAGKVSSTLASELG,1
TARRSNGDGVGGSISYEYEG,0
VSAQVVDNMLVVEAPMMKQH,0
LNPWQWTQQHDTKLR,0
VAMKFVWADEELLKK,0
LNTYYSYYYFNYPTF,0
DAYYNYLNNLVLASYNR,1
YIEILSSADDGVLAI,0
KVSFFCKNKEKKCSY,1
EPGHLAPTGMFVAAA,0
YKNPRVVKNFMALYK,0
DDIKATYDKGILTVSVAVSE,0
DAFYTILDIPQKFNM,0
KHKLKHLLVETSVDKKAMES,1
HGRTFSSLFQVANQY,0
LYQAQYNLFIYNKQLQEAH,1
NSYSFWLASLNPERMFRKPI,0
VSYDTVKDYAYIRFSVSNGT,1
EKPVLGFVRLKEAVPLE,1
GVLIFGKQGSEKTNV,1
YCGVGPHDSVYDKKP,0
KIYNRNIVNRLLGD,1
ASINKFVVLISATLVLSFAI,1
AKEFLENYLLTDEGLEA,1
MIKAIISQLQVVVDE,0
PLTKDNHLLGTFDLTGIPPA,0
ALQQIMENQSDRLQGRQQEQ,1
GNKMSMYTASL,0
TVLVQVKYEGTDAPC,0
ENRYCVQLSQIQGLI,1
KGHRGDPGPSGPPGP,0
GIQYLAGLSTLPGNPAIASL,1
YTGPFSVDNVLEFKL,0
AVVPVLAYAAARLLL,1
AGEYIISTRVRCGRS,0
ELWMFVRKKLMMEQE,1
AIAVHSQTTDIPPCPHGWIS,0
NPVEIRRGVMLAVDAVIAEL,1
LVVFSDPNADAATSV,1
LYTVTNSDDDPVNPAPGTL,0
DPHLPTLLLGSSGSGGDDDD,0
AYPSVLGQTIRNSRW,0
HIVFPSYEIEMFYDG,1
AVSRVIADGDNLKNF,0
KKISSVQSIVPALEIA,1
AADYLANDAEVKAAV,0
LVTVLFAVATITHAA,0
GSNPNYLAMLVKFVADDGDI,1
NSYGDLMNPDTKEK,0
PYAVAFQPLLAYAY,1
ELRVVGNNLKSLEVS,1
ADECERFLGPKGFAG,0
EKLIETYFSKNYQDYEYLINVI,1
PHIPVSGRKYHIRRG,0
GVATYRNSNFFGLVDGLNFA,0
TIAAKKAELEKTEAD,0
LGANAILGVSIAVCK,0
LSSDGNYALSGSWDK,0
HHHSTDLNVSQDRIG,0
FINNIHDLLGIPHIP,0
LKPNQGMPEVYVEGK,0
KELLQEGYEEIVGETPSFKK,0
DEEFNKKMQEQNAKFFADKP,1
WVCEHRWRQIFNMVG,0
LSSSLGLALLLLLLALLFWL,1
QATDDSGHESDSNSNEGRHH,0
TYNFHSYLNEKALGV,0
EASEAYLVGLFEDTN,1
HGTSATAAAIQLMCSDSVPC,1
VKEVAAKANDAAG,0
TVIDYELRNVGDLSY,0
LFARRIFDSRGNPTI,0
VLDEVIFSKHKGDTK,0
RASRVAEQLFRKFLKF,1
EWATPFPHRKGVLFN,0
LIQRLKDKGVDVDHF,0
CILSADVVVGIAAPG,0
NVVLGGHLKPAAPVV,0
VLQPSPALSWRS,0
QTLKKPADDANKAVNDS,1
ILPDLSRNRNGKRVV,0
NSNSEVRKIKATQNE,0
DGDFAIVKFTKVLLDYTGHI,1
LDNIKDNVGKMEDYIKKNKT,1
SASPHHHSRLRSESGG,0
VGPKAYVNPINEAIG,0
SVVSPDYQSYRTLMR,0
WQILKRVNYLFQRYK,0
NGSAAPQLTKNAGVLTCILS,1
YWTIDFDIAVARVST,0
DSLPEFKNFLNFLQT,0
KGVPLYRHIADLAGV,0
LCGSHLVEALYLVCGER,1
QECVGGACVCPNLQK,0
VHDLVHNLKNSHVHF,0
AAPANDKFTVFEAAF,1
SFNDENLRIVVADLFSAGMV,0
VANQYTGILYKARLS,0
FKTPYNPQLRYPNGQ,0
IFNIVRDTRGLPEDL,0
QSSAVMALQEASEAY,1
FYNMVKQGLVSQPIF,0
NATARIEGHTDNTGP,0
GGSISYEYEGFGIVGAYGAA,0
KGMSYAMCLNTFVLK,0
KKEEKKESGDAASGA,0
KIEIKASIDGLEVDVPGIDPNACH,1
SIGGVFNSIGKAVHQVF,0
DDGAGGKKLHVEVQLDPVYR,0
LVNLLIFHINGKIIKNS,1
TRSRKREILHEGCTSELQEQ,0
MQILIRKTKNNPILLIKP,1
QDHQEEICEVVLAKS,0
VVFFKNIILIGFL,1
EEVRKLKARVDELER,1
EKSGSISTNMVEEIL,0
DQRNQELQWVEEAAH,1
EDAFKKAYNAFKSLD,0
GRIISSTPFAENTNS,0
MKRGLTVAVAGAAILVAGLSGCSS,0
MNTPGLPVCQDHLGFWEG,0
YTRIMMNGGRLKRSH,1
EARAEFAERSVQKLQ,0
CLLVLGIWIYLLEMLWRLGA,1
SPYFVTNTEKMITEF,0
NQELAYFYPELFRQFYQL,1
DLQGEPRVGEDRHIL,0
FCGGSILDEYWILTAAHCVN,0
MGDMRDHEEVLEIPD,0
YEVGDDGKVHFKVRFDAQGF,0
PEHFLDAQGHFVKPEAFLPF,1
RQHGSEEWEPLTKKG,0
LVLDFCDDALIEGIT,0
HHPARTAHYGSLPQKSHGR,1
VGLHDLNQGSDYVRG,0
HDDRLGFLTFCPTNL,1
YDQREPQAWCRPNENQSWT,1
VDAYAVEAGLKVAAT,0
FGSDYEDRYYREN,0
ASAAIFGHDGTVWAQ,0
VRVDMVRHRIKEHMLKKYTQ,1
GIVVAWKVRLLPVPP,0
ALYMEFIKEFPVVSI,0
SYDDALVSKYTDSQG,0
QFISANFTLKDNTRA,0
EGCPAAANGHVIYVQ,0
SIKKYINDKQGENEKYLP,1
VKNFVAAYKNGMLAR,0
MPFHFDRTGVRVLTM,0
YPPGPLPLPGLGNLLHVDFQ,0
FHMYRSLLGHITDPF,0
KEFANVVRVVRHTSK,1
KKGVDALANAVKVTL,0
APGERPSGMFDSSVLCEC,0
FKPPKYHPDVPFVKR,1
GMAALPRLIAFTSEHSHFSL,1
STDSTLVYKIQPVNN,0
QDVLLVAQYQFDFGLRPSIA,0
LSPRIRKVGDIEFHACSDYI,1
GQEYTFYVIVTPYAK,1
LLSVSTYTSLILLVL,0
DFVRAAGVYAVD,1
THPEIYLFKKLGVSLLKRI,1
LVNGSSNYLLFYDQH,0
ELQKKIYVIEGTSKQDLTSF,1
LLVLLDYQGMLPV,0
VHEKEKYKYICDDLD,0
GRPFRPNGLLDKAVSNVIAS,0
LLSLYLDQNEHADIR,0
KKLAFHTDTDLKKDS,0
DVVVGIAAPGCPNAL,0
YRGYSLGNWVCAAKFE,0
ASQLLDDGNGENYVD,0
LSGFENEYDVIYLKPLAG,1
NLKRAILAHFQVAPQ,0
MEAVGAYDVIVNGDK,1
KDQLTALYMEFIKEF,0
GGESFGIVVAWKVRL,0
AMKRHGLDNYRGYSL,1
ELLKQSFEATQQKEI,0
FNEIRRVLLEENAGGEQEER,1
ASDVETAEGGEIHELLRLQ,1
YNHNNLLTKFLSTGMVFE,1
IDSFYQAFNHPLRPLLLIV,1
EHRMTWDPAQPPRDLTEAFL,1
GMAPAAGADLDKIGL,1
LKSTQNAIDEITNKVN,1
GAMAKKGDEQKLRSA,0
QKYCPNKICTSKGDS,0
INGIIVFGTRILDEE,0
PTFTIETTTLPQDAVSRT,1
HRNVKSHRIRREYTE,0
GAIIGLMVGGVVIA,1
RFFTLGSITAQPVKI,0
FAVEKPNENIIDNNPQEPSP,0
KGGFTFTDQNNQALSSTAV,1
DCFIYEDQIRPQDRE,1
TCGNGWVCEHRWRQI,0
QKKWDPLKKETIPYY,1
KCKYPEGTKVTFHVE,0
GEPGIAGFKGAQGPKGEPGPA,1
VIGMDVAASEFFRSG,1
KVIDLLLSLYLDQNE,1
PQKFKVVFDTGSSNL,0
FPTLLLIVTLYRLALNVATTRM,1
GTVGGTKYGLAKGVSLVAVK,1
ANDYDTFYKTACWAR,0
RIIIDRFMDFREQEK,0
QGENEKYLPFLNNIETLY,1
VNYWFAPGAAAAPLS,0
LNVLRIINEPTAAAI,1
ASGFTFSNYAMHWVR,1
NEAIGCVVEKTTTRR,0
VSTFSSGLVWGQKYF,0
VSEALRIIAGTLEVH,0
DPKELLARIQSLLRRSHKKE,1
ITGRLAALNAYVSQTLTQY,1
IESIRKQTAIEIEQL,0
TRGTSEEGTLGNAGV,1
FRKFSNNFEFSYLLG,1
ETMTPSGLVIPENAK,1
QMCITQYERESQAY,1
ANGKLHDKKSMGDDH,0
APEVKYTVFETALKK,0
TPNMYFKDVVIYHKK,1
IINPSENGDTSTNGIKK,1
AQGPKATFEAMYLGT,0
KARLSLDRNEDQLIT,0
LDDLKALFNEKLETS,0
SQIFRRVFSLIPVI,1
VEALFLLMKADPSIH,1
RHTYYENQFCVSEKP,0
VLVNTFCDSCIPKTYWNLGY,0
QQTRGLLGCIITSLTGRD,0
AAVTLLEQPNPSKLA,1
CDKKCIEWEKAQ,1
REGDKHKLKKSELKEL,1
YYYGYATQYDYYYPE,0
HSRAPSPLYSVE,0
GDSRGSLLSPRPISYLKG,0
FVIPDLSPKNKSYCGTQSEY,0
DTKLRIMKNHQFTNC,1
VPVVTGIRGRPGPAG,0
DVAGIVGVPVAAGCT,1
HTLETVNISDVNDFQISKY,0
NDKSDRNIPYSPLPPKVLDN,1
RNNHPQNTSDSQKECTDGNK,1
DGTYDITKLGAKPDG,0
DAENPGGEVFNDNKKGLSRV,1
PVRPYEYSRRSLYYS,0
DPYYDPTSSPSEIGP,0
ELEKYQKLNSERGVPN,1
TGRALEPYISRCTVCEGPAI,0
NENIKELLDKINEI,1
FAAQKAKANKAVD,1
RGWKHWVYYTCCPDTPY,1
KSMKVTVAFNQFGPNAGQRM,1
VDNPAQFISANFTLK,0
IGNITLALGKVSNAITTTSD,1
GKKDTTSGQKLKVVA,0
DLDQTMEQLMQVNAK,0
EWLGQIVEGNSMHPD,0
GPLLCPTGHAVGLFRAAV,0
FPGLVKYMSSGPVVP,0
VVVDEDKKVYRVFES,0
TYAPVVMKPKPQGPV,1
LHSIVPIGQDPHEYE,0
FAVATITHAAELQRV,0
APCKIPFSTEDGQGK,0
IPNIMFFSTMKRPSREKQ,0
KSDEFNPCEDIMGYKFLRIV,1
CWVAMTPTVATREGKLPATQLRRHI,1
ANILLQIDNARLAAD,1
TGWVKDGDTWYYLEA,1
KKSLELLLETPGSKT,0
YQGVQQKWDATATELNNALQ,1
NYALSGSWDKTLRLW,0
VVGVLSQKDPHVWDG,0
AVLTGYSLFQKEKMVLNEGTS,1
TSVQGYAFNGTKLDAVYLNKNKYL,1
IFKIEKGKVTKSIELNA,1
HLDEREECKCLLNYKQEGDK,1
NVIIHGLYLYGCSTSVLG,1
YHGQRHSDEHHHDDSLPHPQ,1
KALKINWYKKGSS,0
NRQLYPEWTEAQRLD,0
LGNLEGVKPAVLTRSG,1
DKDLLENGAIFV,1
ADVVLIASIDHIT,1
GLYYVHEGIRTYFVQ,0
DGQGKAVWGKNSCAK,0
APEDINVTSSDNRVTVHAKK,0
LSQTKQSGENFPYLVAYQ,0
SVNATSVRLQSWQSE,0
KLEEKFPQVAATGDG,1
KHREQAIMLFELFYY,0
DVRIWPLDPSLLGEP,1
PPKTWEEIPALDKEL,1
NFRFLTEKGMKNVFD,0
PPERPFQTTDITYTFTTDA,1
KLQIQITELEMSLDV,0
PTKVARVALENAASV,0
DNTGPRKLNERLSLA,0
RLFGAEVGWLALHHN,1
FTSLLQHFSFSVPTGQPRPS,1
RVFESTVTGRCEALY,0
DIDLGRNEVVNDVST,0
PYILLVSSKVSTVKD,1
HIVQNDAFYTILDIP,0
QDPHAWLSLDNGIKYVKTIQ,0
FGDSYIIIGVEPGQL,0
QAPEYRGRTELLKDAIGEGKVTLRI,1
AMKRKVNLKTQQSQHPTDAL,1
APTGSGKSTKVPAAYAAK,0
LPVGAANFREAMRIG,1
FDGILGMAYSTISVD,0
IMKTHQFTNCRHNSA,0
RQAACNCLKQLSASVPGV,1
VDDALNATRAAVEEG,0
YPGVYSNVATLRDFV,0
ESVAWSASACHDGMG,1
FAIVHMTKLLLDYTGKI,1
LGASPYKLGPSPKAR,0
EYKGEDAPCKIPFST,0
DRTRKPFQSVIADTGISVSE,0
LSFLPSDFFPSVRDL,1
SVELIDIGGNRRIFGFNALVD,1
FGDSYIVIGVGDSAL,0
KYDFDGVNRGTRGTS,1
TYLSVDRKMYWQFKM,0
LSAIILVACASGKKD,0
YLSKSMALTGDATAV,0
AQGTLSKIFKLGGRDSRSGSPMARR,1
DAVDFGYVFCDKMIS,0
IVLNPEIYNKQKGML,0
LSSVVVDPSIRHFDV,1
IVKTGERQHGIHIQGSDPGGVRTA,1
RSRNEALRVKKKMEGDLN,1
IDDYLWVEQRVIEEVSINV,0
GGGPGAGSLQPLALEGSLQK,1
TQEFKHQLQGGVLRV,0
EEQEDEIIGFGQELKNPQEE,1
KARMMEYGTTMVSYQPLGDK,0
TVEVVEGMQFDRGYISPYFV,1
EVGWLALHHNARDAA,0
EDLQDFLALIPIDQI,0
KDKFNKIPAEKKLIV,0
TKEVFDNLKTKKTPT,0
AFKPTSPVPNMQREV,0
EEETEQNPEIIPANL,0
DHTNFKYNYSVIEGGPIG,1
ENPKKYIPGTK,1
EPTPVTPQPQELTED,0
FIPVENLETTMRSPVFTD,1
DKAVEKEEHHFKAYS,0
PGPMGPLGIPGSSGF,0
TEKGMKNVFDDVVPE,0
SKDLGYDYSYLQDSD,0
DGNGNIISPSINADG,0
DGEFTYVPLVGDDSW,0
FFYTPMSRREVED,1
KAKGNPESSFNDENLRIVVA,1
RTFVATFGAASNKAF,0
KDAGISVSEIDHVVLV,1
DTTVAPAGTQAIIDT,0
ANYTAHGSETAWADP,1
TNLTDALLQVRKHLNDRINR,1
PIIIDQKYCPNKICT,0
EVELREHGSDEWVAM,0
SKKLLELNRMISHIFFIS,1
RFLRLLDLAQEGLKEESGFL,1
ICKLDCSKIPSLPDV,0
NLLASSPRLAKYLSNRPATPF,0
TILIKVEYKGEDAPC,0
VAFSVDNRQIVSGSR,0
YDKKPLGFPFDRPIH,0
ECLPQHAMFGNDTITCTTHGN,1
GRSFTLASSETGVGA,1
VLKMVAELTHTESNN,0
KDKFFAYLTLAKHTIS,0
GFRVDAAKHMWPADL,0
LNGLAAVREALVTHGEDTAD,1
IKSVYIPYLVQEFDD,0
YAIGGSSNPTILSEGNSFTAP,0
YAVITWRALNKL,1
AANGHVIYVQIRFSV,0
VQYISRYTQEIFSFL,0
SEQKNTLLKSYKYIKESV,1
NHAIRGKRSVTKEQL,0
MCTGSFKLEKEVAET,0
HVVLKSGFKRPSANN,0
TLRNQEQLLSYFTED,0
LLMDCSGSIRRHNWVNHAVP,0
APTGMFVAAAKYMVI,0
WIDRFSYDDALVSKY,0
DDEDLDEFKPIVQYDNFQD,0
LLAMAVLAALFAGAW,0
DGWFNFVSTNFSNSLLIKNP,1
TVTVFKIPKKASEGA,0
LVDVTLGSTHVT,1
DPHEYEVKPKDIKKLTDADV,1
NLNDILNSRLKKRKYFLD,0
DLRATFDQLGRLAVD,0
SSYANTTSEDGKVM,0
EVKEKGMAALPRLIA,1
LAVIVAIFLLLVDLMHRRQR,0
IGYSGTGEGNHIENDPLKIK,1
NEDIFLKGIDIFCQI,0
RLMGQPFNRRTLEEL,0
FQLMDADKDGIISKN,0
VPPSLRTLEDNEERMSRLSK,1
FLPLLALLALWEPKPTQA,1
FPRHRHELLQNVGKASKSGQ,0
ERDPANIPWDKD,0
RGLDVSVIPTSGDVVVVS,0
ELLVLLENERTLDFHDS,1
LSAEKASKDGEIHRG,0
FDTGAFDPDWPA,1
GKNTIQRNSHDSSVV,0
AEVDCSRFPNATDK,1
FRKKVILEDKVKNF,1
TYKVLYKKVNEAYEG,0
GPQGEPGPPGQQGNP,0
HAQLAFSTAFDNKEY,0
SQPATGAATVAAGAA,0
FKSGRGCGSCFEIKC,0
KDYRAYYTFLNFMSNVGDPR,1
SHRTATAAEELA,1
AKYLWEWASVRFS,0
MSGTHQNHAVSIPVNREQCS,0
SHNVQGATVAVDCRP,0
YLVLASLIACS,1
AAPAAGYTPATPAAP,0
YEGERAMTKDNNLLG,1
CNANPGLMKDVAKVF,0
GGAVFGEEGLTLNLEDVQPH,1
TPPSVVGGLGVTMVH,1
SYEIEMFYDGSRIMI,1
EYVTLKKMREIIGWPGGSGD,1
AWIGFWLILLVMLVVA,1
VLDMTLKFEGPAESY,0
RFNKRENFKNVLESDLIP,1
DEIVSWLLKKTGPVA,0
RDPANWQILKRVNYL,0
QMTFLRLLSASAHQN,1
LVGPFNFRFMSKGGM,0
TSTPHPSSGQVYVELQ,1
KLLPVPPTVTIFKIS,0
GPPGPAGPAGERGEQ,1
GRFDGTVEVKEGGFE,1
CATDTLANEDCFRHE,0
LPLLANNRERRGIALD,0
EGVAVLGTYSNHTS,0
KKLPLSLSFLHLTRADLSYP,0
VSHINVTVERKGREL,0
ITKGKVDPTDYFRNE,0
RLVHRIHQHSIIPEQ,0
HEMRTKRDHVLPACR,0
TSLAGVANHLLDCFIYED,1
APATPAAAGAEAGKA,0
PDTTCSEIEEFRDRA,0
SHLECRTFFLTQGALLNDKH,1
ESNESVLAKKIINNQ,0
RFVPSAAVEFVGAFV,0
FDNSDQGPPQDGNGN,0
QVESTAGSLQGQWRGAAGTA,1
AKKLLKLLNGIKSKVN,1
PEYQNLLEKLREKGV,0
IYLAANYGETRNATPITNKF,0
YNWELADQPQNLEEILMHCQ,0
QYEGDGSPCKIPFEI,0
LEEAKAKLEEAEKKA,1
RVIGDFGVPISILIM,1
KTPVLSVNATVVRLQ,1
GTDGVTYTNDCLLC,1
IPKGDFLTGPLNFTG,0
DVDTLGNLDPAGEYI,1
PITKYIMTCMSADLEVVT,1
APEAPAEQPKPAPAP,1
GTLISRAPVVTHTYL,1
RNIPPRMFTAEEKAEA,1
AQVATISANGDKDIGN,1
LNVVKTGRLMLGATD,0
FFHMNIYECKGVTVK,0
QESLLKANIQLVEKD,1
DKVVKVWNLTNCKLK,0
GNTHILHYLRPYIIQ,0
EPMIGVNQELAYFYPELF,1
SKLKAEATTDGLGWY,0
IINNYYMQQYQNSMDTQLGD,1
VRHRIKEHMLKKYTQTEEKF,1
QLVKDKNIDISIKYDPRKDSE,1
CYAKDMALFVASYAD,0
PLKKETIPYYTKKFD,1
GYVALTIKHVTTHDI,0
KAKFAGRNFRNPLAK,1
FHLDLLLVVGMGGVAA,1
AEVELRQHGSEEWEP,0
EVVNDVSTFSSGLVW,0
DRELLLELSTRLFGA,0
FDPYGATISATPESA,0
KECENGGSAVANIDM,0
YADQYEIGQSYDIEA,0
GTLKIPPDSETTLVLVG,1
KLIEDINVGFKAAVA,0
INGRWIILLSKFLK,1
MPFHNIHPLTIG,1
LIYEETRGVLKVFLE,1
DHLRIISMQMGGDLG,0
AYVLLSEKKISSIQS,1
KAMVALIDVFHQYSGREGDK,1
AKQYNICCKFKELLD,1
NTDHGFPSGARPFFY,0
ELEFEEFCTLASRFL,0
MADDMERIFKRFDTN,0
KTMAVCTNAKVTAKG,0
MQREVLVFLRNAKIE,0
SKEFIPELNKLGSLFGQGE,1
CPTPCQLQAEQAFLRTV,1
PEMGDQAHMPYTTAVIHEVQ,1
KLGDKEMIQHYTLDQ,1
QYMRADQAAGGLR,0
DANIRAEKAEEEARS,0
RPHLSYLTFWSLLELQ,0
KHKLKKSELKELINNELSHFLE,1
GRRITTRRIMENGQE,1
EVKAEQVKASKE,1
QGDGVKLHLKAKAEV,0
AAMASASLVTVAVPATANAD,1
LSPRPISYLKGSSGGPLL,0
PEDLGKEPTPSKKPV,0
HTPGVHMASLSVYLKTNVFL,1
LSGTSMASPHVCGLGAYLIG,1
DIAILTGGSVISEET,0
RRHGVRIRVRSGGHD,0
QLQKNFQAISSSIAEIYNRL,1
EVVKANGGYLAAGKL,1
SAIASGIAVSKVLH,0
IKKMLADQTVEEHIG,1
PDLSNNFGKLFEVKP,1
LDYHVHGRTFSSLFQ,0
FVHLGHRDNIEDDLL,0
QYFVGKRTVPPGECFIQFLS,1
IQSIPFVHLGHRDNI,0
RVRGGDGKMKELSPR,1
KSYLYGYKSKKINYD,0
ALLVLVVGVLSQKDP,0
KVAEKLSEYPNATAR,0
HTNVCFWYIPPSLRTLEDNE,0
LSILMEPILSRIPLA,1
LSPFPAYPIVVGGQIYRFGYKHEL,0
LRVGGRCHPHVNGVF,1
GGKGGVIVNIASILG,0
GTNISKEHDGECKE,1
KQQGIRYANPIAFFR,0
QKFNMEYFKVAFKPT,0
KYCGLPEHLLIPKGK,0
KAHSMRNSASMDLSS,0
FVNDVLTPWGCYAKD,0
NSFKPFAEYKSDYVY,1
KKQADQLRALQSSFE,1
GKGTLDGQGKAVWGK,0
SEHIWCEDFLVRSFYLKNVQ,1
FVSCVSLAHATDYALTASWD,0
NVWEVKSSKPLVGPF,0
RQPLSFDHAVELKLL,0
LGTWTYDGSVVAINPES,1
ANDAEVKAAVEYLKS,0
YAYAKWKLCSASAI,1
SKDQIKKLTSLKNKLERRQN,1
TTVESNVIYSQNSFL,0
ADFSNYGAVVDVYAPGKDIT,0
SAGMIPAEPGEA,1
ECKETVPMNCSSYA,1
QLQFEYYGSLMCGAS,0
LANAFNNAIGNITLALGKVS,0
SPASEPSVCTVAASTKDDGK,0
GKESCFCYFDCS,1
SGIPYIISYLHPGNTILHVD,1
TFGAASNKAFAEGLS,0
AYKTAEGATPEAKYD,0
EARPALLTSRLRFIPK,1
LELGALLTAMAMVTA,0
RNVFDEVIPTAFKIG,0
SLSELTDALRTLGST,0
TFRPRRQLFQGQDMS,0
PGAIGTDGTPGAKGP,1
AAKPAAAATATATAA,0
IYSAFEFDPNSKVHA,0
PGSVGPVGPRGPQGL,0
YEIYPFLFVENDVIQ,0
VGAFVVDAYAVEAGL,0
VKLYRKLKREITFHGAKEIS,1
DRVDEVDHTNFK,1
AARKLYKLENDHPNY,0
KTVLEIDTPKVEQVP,0
TYEIAPVFVLLFYVTLKKMR,1
MQTLWDEIMDINKRK,1
FTTYIIMNRWALGNLACDLW,0
PVQKQDIVTLKTEVL,0
ETTMRSPVFTDNSSPPAV,1
VAEEEPKHETKETETEAPAA,0
GSSQIWIDHCSL,1
SLGWATLVGEITAGNLLHTR,1
KVVATNSIIADITKN,0
KEEDWICCACQKTRTSRRAKPPQ,1
MLLRKYGIAAENVID,0
FYTEFDMENNRVGFA,0
QGFRIPKGTTLITNLSSVLK,0
QFYYFYQQIYARYML,1
QELKEIDESESEDYA,1
YFRLGVSDPIRG,1
TLIEGLMMAKALSLSLNLP,1
PFTVRYTTEGGTKGE,0
YTKKEAFNVENGNATPQLTK,0
FGEKDDLISDKVVHA,0
LKKPKDRNDLI,1
NYFKLIHVRKTAHFE,0
ICFSPSLEHPIVVSGSWD,1
DASRLSTQGFAWDQP,0
LVKYEGDTMAEVELR,0
ERSEERLNTATTKLA,1
YTKVSRYVNWIEKEKT,1
LIQLLTASPEEEEGG,0
TGSQDFFVRSIG,1
ECYDAGCAWYELMPAETT,0
HHQRLFMVQSLERVV,1
NMDGEFVNDVLTPWG,0
VTMNDVKIEYSGTNN,0
DEYYIIEKMIGQVE,1
ISGLDRKVEVHVPVK,0
LDSKNVLSILNYKTE,0
DAADKMIDEAKKREE,0
YGLAPSALQNIYTTL,0
GDDSWKFRLDGVKIG,0
AVLALCATDTLANED,0
MVDAAVLEKLEAGFA,0
VTPVYYIPLEAV,1
AYLQSDEFETIVVAL,0
TSSEVATEVPFRLMHPQPED,1
LEAAFNAEFNEIRRVLLEEN,1
TLVVNRLRGSLKICAVKAPG,1
QETSANVADTEETL,0
QKGYMVSSMTDLWEA,0
AVRLSKDIAADLQGE,1
GMIKSNDGPPIL,1
LQLPPEQISVLRKAF,0
IFLGPEPKSVVQ,1
AWASACGGTGKNTIV,0
NPERMFRKPIPSTVKAGELE,0
ATSPTAEGGKATTEE,0
GSIYHYYRQLAGKSV,0
PYGDSMDRIEKDRLQ,1
FSTAFDNKEYISGLD,0
TMPVYNRQVLTKKQR,1
LTTAEVVVTEIPKEEKDPGM,1
TDALRTLGSTSADEV,0
AIKLTSSAGVLS,1
QVLSASQSAIKSAAN,0
RKHLNDRINRENANQLVVIL,0
EEQTQQIRLQAEIFQAR,1
KNVFDDVVPEKYTIG,0
TLEVHAVKPAAEEVK,0
DGGGGHSHDSGHGGGDPHLP,0
NGGYLAAGKLTWADF,1
KGSNVFSMFSQKQVA,0
LQWLSFILSLKKRLLPLLLSL,1
FLAVALVAGPAGSYA,0
KMPMYIAGYKTFDGRGAQVY,1
KDVLSVAFSVDNRQI,0
VYSLIRPNENPAHKSQL,1
NVSHIQSAVVCGRRH,0
DGNCEDIPHVNEFSAIDL,1
YFVGKMYFNLID,1
EENVEENVEENVEENV,1
LVVGIYDEPMTPGQC,0
FVAAKFDGILGMAYS,0
ERYQLVSYKLVSRSG,1
IPLYRNGDFFISSKD,1
EGKQSLTKLAAAWGGSGSEA,1
NDVSTYASGKVWGQK,0
YTEPRSVTPEERSVFQPMIL,1
EVDHLYPTTYLNPWQ,0
KAFSAPYSVLATDYE,0
KYKIAGGIAGGLALL,1
DGVKIDNVDVGKLYT,0
KNMTYVNTSLVLAFS,0
SYYYFNYPTFFNSTE,0
LRELDEQLTSDELDM,0
EAIQPGCIGGPK,1
IISIMIAILNKLCE,0
HSLGKLLGRPDKF,1
CHLREHLRQDFASVT,0
KPTLHGPTPLLYRLGAVQ,1
YEKYSGVFLGRAEDL,0
APVFSIHHARFQDGE,0
NLAKTVLSNLLDGNLQG,1
KPEPYYLIVLKKEVD,0
IMNIGKECENGGSAV,0
TASPEEEEGGEGEAA,0
AMQEFMILPTGAATF,0
LQVIEKVDAAFK,1
QKRAAYDQYGHAAFE,1
VTHESYQELVKKLEALEDAV,1
SSSQFQIHGPR,0
EICPAVKRDVDLFLTGTPDE,1
YQLHTGKNTIQRNSH,0
DAEEVAPQAKIAELE,1
GIAYFSMVGNWAKVL,1
FAGHGKAYLHGSFDK,1
NKWEDKRLLYSQA,1
DFNEFISFCNANPGL,0
VSDVVLSSDGNYALS,0
FLTGPLNFTGPCKGD,0
SKGGMRNVFDEVIPT,0
GLNGPDIYKGVYQFKSVEFD,1
CFRHESLVPNLDYER,0
AEERADIAESQVNKLRAK,1
INTAKLIQLLTASPE,0
DCIRPCFWVELVRGLPR,1
QIFTDSIAEQGKEGD,0
ENANQLVVILTDGIPDSIQD,0
KVSSTLSGLEGELKG,0
ADMLEQYNPNYTTPELNLL,1
LVFILIFLESQITTL,1
KKICKMEKCSSVFNV,1
GAQLGELYYAIYKAS,0
NKICTSKGDSARVTV,0
TKDIFYNNLTVYYDH,0
EQLLSYFTEDVFLNA,0
APAPQPAPAPKPEKP,1
DNYANLEKFRALSKI,0
RRFEYDDPRFLRLLDLAQEG,0
KPDSVTPMILKAQKGGNL,1
SQLIAKFGTAFK,0
EYSRRSLYYSNGYSH,0
IAYEPVWAIGTGKTA,0
LRRTGRIFGGLIRDI,1
FRAAMATTANVPPAD,0
VEDYFKEGLEKTIAA,0
DWKYVDGEFTYVPLV,0
ATGRKHVRRGVGING,0
KWCANPDWIHIDTTPFAGLV,1
GNENMDAQHSSPASEPSVCT,0
DSLTISNLTTSQQDI,0
LMAFTAAVTSPLTTS,1
DSYKFIPTLVAAV,1
RQFYQLDAYPSGAWYYVP,1
IRARNYRLNHKPFTY,0
RYMYPTWFNYTKYEY,0
VRSSNTCTVGPSDPACFQNP,0
FMLQILDFYTKVYE,1
KPVSPMRMATPLLMR,1
VDQDLVGWPAPQGSRSLT,0
DDTKKDMLGKLLSTGLVQ,1
HEDFQGRAKWGENFVDQQNT,0
NFHYEECSCYPDTGTVM,1
FQINLDFKNHNGFIR,1
HGRGTCNYYSNSYSFWLASL,1
SMATGWLQNNGSWYY,1
DVENTAKQRFNHAIR,0
VTEIKKDENNAVPSM,0
QGFFAVQQTCPHCQG,0
SSYNYIKDSIDTDINFAN,1
VSIRRYVRKNQNRYNYFLIE,1
EEAFFSFCESNNLEY,1
CENIVEKYGAKIVSA,1
ANGGVDSCQGDSGGPVVDIA,0
HLKNVIQGKFGLDAT,0
TYPPSNQNKLFKSQC,1
LKLSSGKKQKHRNVK,0
IPYLVQEFDDAVKEN,0
PLRLLENLKALFLGLK,1
ELVKSKSVSPYHSET,0
AYQQATDKAAKDAAD,0
FSQMYHAQLAFSTAF,0
DKFKIFEAAFSES,1
LYQAQYDLSIYNKQLEEAH,1
NPPNPPNPPNPPNPPNPPNP,0
LNSKIAFKIVSQEPA,1
QKLIEDINASFRAAM,0
LLNAKFFHMNIYECK,0
ALFNEKLETSPDFLA,0
MPLQKLFARRIFDSR,0
SQVEQFLHRNIQEYLSILTD,1
LENLVVLNAASVAGAHW,1
KELDEMVNEAPGPIN,0
DKNNFGNSLAVVHGR,0
LNEDLTCGNILMWEA,0
TQQQPPKAEKPAPAP,0
EDKKEDVGTVVGIDLGTTYS,1
QGPIPMTARFIRGLGVPRERQMEPA,0
KNIIIHNINIHD,1
KEVDRLEDELVHEKE,0
FADKPDESTLSPEMKEHYDK,1
MGLEALVPLAVIVAIFLLLV,0
FEIMDLEKRHVLGRL,0
TVNLVKRLLQNSVVE,1
NKEKVVGRIISSTPF,0
NSGPDDQIGYYRRAT,1
TGSAVGRGIEDSLTI,0
GATRDRPLWIIFSGNMNIKL,1
DEDQKKTEEKAALEK,0
LPVVLENARILKNCVDAK,1
QEGDWPNLKPSMPFG,0
KSPEFQSIVQTLNAM,0
KNQKKIRGILESLMCNES,1
NQVYYRPMDEYSN,0
TKKFDEVVKANGGYL,1
KSDNQIKAVPASQAL,1
EQVLGTSARPAVMPMDAWRE,0
FLAPDDQIKKNV,1
NAGVTVTPLLLGYTF,1
KGFKLVAMKFVWADE,0
NISQHQCVKKQCPQNSGCFR,1
LRGFPGDRGLPGPVG,0
VGINGLIDDVIAILP,0
TTEWVETTARELPIP,1
GAGGEDPESFYRAFSWEVLE,1
LSIYEAIKGVDGLDA,1
GAFTGEISPAMLNDI,0
SDLKAIDDKIDLFKNPYD,0
GMTGCGNTPIFKSGR,0
TTSDGFNSMASALTKIQSVV,0
GENFVDQQNTDCNGHGTHVA,0
DSKSLLRKYLTKEVF,0
QFKPEEITGIMKDFD,0
PVYVRVFLGPKYNYY,1
HIGSQLVLKLLSLQLTQPVRYK,1
IYLFPLISLRLKFGLKAEKS,1
MLERYSNDMPEIQPF,0
EDKDLDEPEQFRLPEENEWN,0
AVNIVGYSNAQGVDY,1
RCLLGFKEVGGKCVPASI,1
SYFTNMFATWSPSKARLHLQ,1
SSLKSWDKEMERLRRGMFAL,0
KRKLEGDLKLTQESIMDLENDKQQL,1
VIVFLIFFDLFLVNGRDVQN,1
IVYPLPLTDIHNSL,0
KAAVAAAASVPAADK,0
NVVKTVVTPVYY,1
AAFTSSSKAATAKAP,0
SLRDPAFYQIWKRVQ,0
VALFAVFLGSAHGIP,0
KELLDKEPSYQVGSF,0
RDAVTYTEHAKRKTV,1
VGGVYLLPRRGPRLGVRATR,1
LPSKGLEHLKELIARNTWTL,1
FNGGESKLKAEATTD,0
DGDALVFVDNHDNQR,0
GNVQAAKDGGNTAAGR,0
KLKVESSPSRSDYINASPIIEHDP,1
QRSRQFQNLQNHRIVQIEAK,1
QVKGDVDGASAGAEY,0
LYNIIKNREGYEMVFDGKPQ,0
LVKPGAGIMIFDPYG,0
LQGPFNFRFLTEKGM,0
ARSALILRGSVAHKSCLPACVYGP,1
GITIKKTGQALVVGI,0
QAVPASQALTVKGCQGLTVL,0
TYDPYHGVKAQLNSP,0
FAVVDLNKMRAVWVD,0
RGNNAIKWLVNFGVG,1
QVYQGEREIASH,1
SQDFVLIFSVHGLPKSVIDAG,1
RQQLYARYFLERLSN,0
VDIMFNDFGEASQKF,0
NIYKLNIAEIFPEDS,0
GVNLIWNHKRDKNNF,0
YYGENHVVLKSGFKR,0
FLAVAVVLGLATSPT,0
VLIGGLEWNDNTVRVSE,1
GQFEDFFPASSRDQS,1
HLRGFSKSISISDTF,0
ENNHRIFLAGDKDNV,1
DPVGVAVRLSKDIAA,0
NGDMTYARLGFKGETQINSD,0
HGQGGSTADTYNLQY,0
ARVTVKDVTFRNITG,0
AIARFIARKHNMMG,1
GIAQRKLQSVTAELE,0
VIPAGELQVIEKVDA,0
KDCMGEAVQNTVEDLKLNTL,1
AVVESNGTLTLSHFGKC,1
SSADDGVLAIHVNSK,0
CLLCAYSIEFGTNISK,1
KGEAGPTGARGPEGP,0
RCTKLEYDPRCVYDP,1
TVSLPVGADEDDIKATYDKG,0
IKDQYKPEIAKVAEK,0
AKRFAKWALPLYNKP,0
PEVTKAEETKTEEPAAPPAS,1
STRNMDVSYSKSYLY,0
RATRRVRGGDGKMKE,1
IRFSVRRFHPKLGDK,1
HSHGITYKKATVKKS,1
ASQPTVVRAEESPVA,0
PAGVCPTIGVGGNFA,0
YVDEHLMCEIEGHHL,0
IDQIEKQAKDLAFPG,1
APCKIPFSSQDEKGV,0
RRVTETRSSFSRVSGSPSSGF,1
RLSLARANSVKSALV,0
LNKMRAVWVDGKART,0
LAKYKANWIEIMRIK,0
VVPAFYEIYPFLFVE,0
GITKIGNQNFLTVFD,0
KGDTKMSAEDKALFR,0
ITKLGAKPDGKTDCT,0
PFNRRTLEELIDEVD,0
DQMWKCLIRLKPTLHGPTP,1
YIGVAPRKAIPA,0
LCSDKQPCNGVTMND,0
TVTRGTISDPQRAKEALDKY,1
AKGMMHMIKKGANGS,1
STGFYLCTARSSLGS,1
LETSPEFKALYDAIR,0
VTVGDSYDIEANINN,0
EITGIMKDFDEPGHL,0
KGPMVSAQESQAQAI,0
VKIEYSGTNNKTMAV,0
PLFSHLQNEQWVD,1
IKPGSANKPKDELDYENDIE,1
TGAVGFAGPQGPDGQ,0
TATYGGKWLDAKSTW,0
RDLLKLLVRIQQPNY,0
VLVLNPSVAATLGFGAYM,0
FGLSGKDDWENLEID,0
DHFIELIKKLFGLSH,0
NREEYARFDSDVGEYR,0
YIIDTGIDIDHEDFQGRAKW,1
PEKPAPAPETPAPEA,1
LIKDAIEKAGYTGKI,0
ACNTIGGYECGGGS,1
NQATAKARANLAANL,0
FAEDVGSNKGAIIGL,1
IDNNPQEPSPNPEEGKGENP,0
GSLQPLALEGSLQKRGIV,1
SVRTTTDSGKLITD,0
AAIANYHYDADENSK,1
LGTLGSCLQRFTTMPFLFCN,0
SDEGGYTCFFRDHSYQEE,1
SGVIKGMEWAMRQASGGGNG,0
KVFCGIVAHQRGN,0
ALKELPLLKFLGIFNTGLKM,1
KGMSYSMCTGKFKVV,0
AISVTMDNILSGFENEYD,1
RALLCEQQARDANIR,0
FSPNHSNPIIVSAGW,0
VKEIPPRLLYAKSSP,0
TVYVRPIIEDYHTLT,1
KGQPSKPFVGVLSAG,1
GRTGRGKPGIYRFVAPGE,1
DMGIKGDRGEIGPPG,0
TASCGVWDEWSPCSVTCGKG,0
FLPFSAGRRACLGEPLARME,1
DALPELQNFLNFLEA,0
GAGDENIEDRGMLATV,1
ANNNYDPWTIYAIGGSSNPTI,0
