Sequence,Label
RDCRSQSKTFVGLCVSDTNCASVCLTEHFPGGKCDGYRRCFCTKDC,0
KSYGNGVQCNKKKCWVDWGSAISTIGNNSAANWATGGAAGWKS,0
DSTRRLIGDLSDGVTLIVKVVIR,0
CTHWRSRECN,0
RQKFPDINGPRKDDICYATQNRQDAVRELASDADVMLV,0
ILITTVGIMVLIYSDNYMAHDQGY,0
LIVYDDLSKQAVAYRQVSLLLR,0
CLGVGSCNDFAGCGYAIVCFW,0
LPSSLPLLPPFPPRVAAV,0
AVVLYQPPTVWSLFRSAVINLFLP,0
NYDSGGPLICNGQFQGIVSYGAHPCGQSLKPGIYT,0
ITSISLCTPGCKTGALMGCNMKTATCNCSIHVSK,0
RVFSANSTAACTELAKRITERLGAEL,0
GGQSERFGAPKAFAEIDGKMFYEQIITVLDSMNMFNEIIISSNETLASE,0
LAVEGVQFHPESILTE,0
IDWKKVDWKKVSKKTCKVMLKACKFL,0
FLANQECFSEYRHCRMKCKANEYAIRYCADWTICCRVKKREAKKKIMW,0
IIKLIQDFPRIINRAADNFEPSIIAKFAIS,0
GTGHAANCELNYTPLDDYGHLKIEKALSINRSFEKSMSLWASLY,0
SGKLYYRRKK,0
QAHDPGTD,0
NHADHRLIIYKDIHENIEDGITLLIVMAVVLVLLVIFGFISADNMA,0
ITSVSWCTPGCTSEGGGSGCSHCC,0
RIEAIRGQILSKLRLASPPSQGDVPP,0
MPDGEVENK,0
WLEEHNRQVNELRAAVNAHAGDTELRSVVEKIMS,0
YRNIYTPPDSGAAFIQDVTRDGRLLQTLYPGTGRRVLYKYSKQSR,0
ISIPFIPETPVRTRIVS,0
RAHSRCGPGLPPSRASSPQLALPGPQAKGPGLGVDFISRNALAAKRAP,0
MVDHEGNKVDGDQIMYIIAREGLRQGQLRGGAVGTLMSNMGLELALKQLG,0
LFGLIPSMMGGLVSAFK,0
GLFLDTLKGAAKDVAGKLLEGLKCKIAGCKP,0
VDPCEGTNLVAYGQNGSMAVLAISEKGG,0
AYVVNNADDMDRIMTLGHKNRSVGATNMNEHSSRSHAIFTITIECS,0
RGSKPTADGLGMLVAQAAHAFLLWHGVLPDVEPVIK,0
VIGVVTEMGLKFRA,0
VFQFLGRIIHHVGNFVHGFSHVF,0
LSGKGPEKEILVTLEVDKIKVTIDKEK,0
YLTAGLTASLPVISLLLLCLGRVILGIGQSF,0
KLLKKLLKWLK,0
TPNELATLLITLVRLASEFKPNMGNVFRSCLLNNIPNTLPTI,0
RAARENRIESLHAEREVLSERFATLSFDV,0
RRIIIRWRRI,0
LAALARALSEKYRMVLSAADKTNVKA,0
KVDIEINSVTDNPIICKDGHVISGGNFHGEPMAQPFDFLGIAISEIGN,0
QTCASRCPRPCNAGLCCSIYGYCGSGAAYCGAGNCRCQCRG,0
SLWTVYWLFKLVTGKEGMGYGDFKLLALLGAW,0
GGLKKLGKKLEGVGKRVFKASEKALPVLTGYKAIG,0
GLFGILGSVAKHVLPHVVPVIAEHS,0
RIKRFWPVVIRTVVAGY,0
KYYGNGVHCGKKTCYVDWGQATASIGKIIVNGWTQHGPWAHR,0
NEEEKVKWEPDVP,0
VTTEVAFAVVCATCEQIADSQHRSHRQMVTTTNPLIRHENRMVLASTTA,0
GKIPVKAIKKAGAAIGKGLRAINIASTAHDVYSFFKPKHKKK,0
HFLGKLVNLAKKIL,0
QKLQEIQKSREALNKLTQSNANNASNTNNAK,0
RIKRFWPVVIRTVVAGYNLYRAI,0
MSKLVQAISDAVQAQQNQDWAKLGTSIVGIVENGVGILGKLFGF,0
GLWKSLLKNVGKAAGKAALNAVTDMVNQA,0
RSSLTGS,0
ALASRFMPKLPAKRSMRAPRMRWTSTLHARFVHAVELLGGHERA,0
IKKRKPTINSQRQYSVDDKEDITTTDPERSLLEPLPNSGGRN,0
HSGGPCALWAPGPDGYRQTKPCHGQEPHGAATQGPLAKPRQE,0
KVEASKELWGKIVGTIDTAEKFEAKRLTLARREWARMRAS,0
GILDSLKNLAKNAAQILLNKASCKLSGQC,0
LDLYLMIMYSPYTLYGYALT,0
VSGGARAMVAAAFGLSLDSPEVEPLRQEFLDRYQE,0
VKQLLSSENKSIGKYEQELQVLGS,0
MKGKNTLWQVGTDHAGIATQM,0
TEADRILSDAKAQADRMVSEARQHSERMVADAREEAIR,0
SISCGESCAMISFCFTEVIGCSCKNKVCYLN,0
SLQYVMSAGPYTWYKDTRTGKTICKQTIDTASYTFGVMAEGWGKTFH,0
YAGFSADCRPRSRPSSDSCSVPMTGARGQGL,0
GDLLNLGSPTRVLRKISHSQRENGAYRSTEAHQGAKIEVFQKP,0
RILFDWYPTSDSTDPVEMRLFLRCQG,0
VISEEKGMKL,0
SELTGL,0
QEAQSVACTSYYCSKFCGSAGCSLYGCYLLHPGKICYCLHCSR,0
SIITMTKEAKLPQLWKQIACRLYNTC,0
AILQDLMNRYHSVVSYWPNLKKMYKDKPITNTA,0
GIICDRCNVEVTHFKVRRERMGHIELAAPVAHIWYYKYIPSRIGLLL,0
FLPFFASLLGKLL,0
DAGRPRADPVSLPPLAQYLPQSGSQPRLQPLL,0
IRNSLTCRFNFGICLPKRCPGRMRQIGTCF,0
SLRCISEMNRLFSGKGDITKPGYDPCNLLVDLDDIRDLSSGFSKYR,0
QGVRSYLSCWGNRGICLLNRCPGRMRQIGTCLAPRVKCCR,0
EANAKMSSAVDLLIKTDNTRLQAVFKANED,0
RTLMAVDAAVMVIDSARGIEPQTKKLFKVVRQRGIP,0
GLLGGLLGPLLGGGGGGGGGLL,0
LGMRPWICVAYSAPVAAAS,0
VGPFNPGRMNVAGDVFQNGESATHHNPDSWISQSASFPRN,0
LANKMAVKATEVIKTMMKMGAM,0
YVLDVSDAEAVEAFAERVSAEHGVPDIVVNNAGIGQAG,0
RILRIHSEKLIKGI,0
GIFSTVFKAGKGIVCGLTGLC,0
LLKLLKWLLKLLK,0
STLVACVVDVEVFTNQEVK,0
TYISGLSGGSWLLGSIYINNFTTVDKLQTHEAGSVWQFGNSIIEG,0
GLWKSLLKNVGKAAGKAALNAVTDMVNQS,0
GFLGFHDFSKFSKKDTRNPWRSIDEVKCHRESFGVVLEFSAKSF,0
ASVVKTTIKASKKLCKGATLTCGCNITGKK,0
WLGSALKIGAKLLPSVVGLFKKKKQ,0
VKLYHSFSIPLMRTREKLLKMLMDVEIWREAL,0
SEVLQERAFVDLASKCQAVICCRVTPKQKALIVALVKKYHQVVT,0
KIKWFKTMKSIAKFIAKEQMKKHLGGE,0
GLVSGLLNTAGGLLGDLLGSLGSLSG,0
FLPLIGKVLSGIL,0
FLDRKTATK,0
FKTWKRPPFQTSCWGIIKE,0
SSNKSNKSNKSVKKSVPKINKSSKLNLSSSGSDN,0
ALRLAIRKR,0
PILAGPSFWTLSHQQLSSTSFKDEDKTA,0
KLARLALAAAVRSVLRGGLAVLGVSAPESMMKDT,0
INWKKIKSIIKAAMN,0
MDVCGIDLLMKDD,0
NVKSKIQDKEGIPPDQQRLIFAGKQ,0
FSARLSRNPLGWSREGLKLMAKLRVF,0
LLGNFFRKAREKIGKEFKRIVQRIKDFLQHLVPRTEA,0
EEGRLRGLL,0
APVPFSCTRGCLTHLV,0
IFGSLFSLGSKLLPSVFKLFSRKKQ,0
RNKLAYNMGHYAGKATIFGLAAWALLA,0
EVAEIYLP,0
KYYGNGVTCGKHSCSVNWGQAFSCSVSHLANFGHGKC,0
EQPGGDKVNLGYFTN,0
LDDYNHLVTLCNGTYEGLLRRNQMGRNSMKLPTLKDIRDCLSL,0
TQQSTLEPGPTWRGGAHGLS,0
FLGGLIKIVPAMICAVTKK,0
SAISCGETCFKFKCYTPRCSCSYPVCK,0
TWFRNRMEIDWIQAGVSTTEAEALNKA,0
FALRRAALGVLRIIVEKNLSLDLQTLTEEAVRLYGSKLTNAKVVD,0
PMEHLSSNDQLSFLTVKRLI,0
FFGHLFRGIINVGKHIHGLLSG,0
GLFDIIKKVASVVGLASP,0
REHLPIFVTDLMVG,0
GIPCGESCVFIPCITGIAGCSCKSKVCYRN,0
GLFSVVTGVLKAVGKNVAGSLLEQLKCKISGGC,0
VFIDILDKMENAIHKAAQAGIGIAKPIEKMILPK,0
YDNAAFA,0
IQTSGKAVGLPAGQMGNS,0
VLSIVACSSGCGSGKTAASCVETCGNRCFTNVGSLC,0
ATNIPFKVHFRCKAAFC,0
IIGHLIKTALGFLGL,0
QRPYTQPLIYYPPPPTPPRIYRA,0
IGHDASSLDLLPGGPTAVVTTHA,0
EPTSGLDSTNAFMVVQVLKRIAQSGSVVI,0
NEETTDVDEVTNKRIMTSGKRSFINADLVSIIAAKRSKLKRLSISNGDV,0
RGKDVRCFVHNLEELMIRALAEFNIRGERREGRVGIWVAR,0
STIVCVSLRICNWSLRFCPSFKVRCPM,0
GAMLLKVPLMLTFLYLFVCSL,0
VYYQAVILALSPFHNAVYRMHQVISATTNPA,0
VSGSQRTSSIYAREALIEIDYGD,0
DIAELFLEEKEPTVEQLKAAIRRATIARTFT,0
SYLKTVIFPTNEQTHR,0
IIESLFWKQTKRSQTSYTRNICLVNIAVSLLIADVW,0
GVLDAFKKIATVVKNLV,0
ILGPVLGLVSNALGGLIKKI,0
KNLRRITRKIIHIIKKYG,0
GICRCICTRGFCRCICVL,0
ILGPVLGLVSNALGGLLKNL,0
SSDPASSEMLSPSTQLLFYETSASFSTEV,0
DGSDPEPPDAGEDSKSENGEN,0
ALWKTLLKKVGKVAGKAVLNAVTNMANQNEQ,0
WNPFKELEKVGQRVRDAVISAGPAVATVAQATALAK,0
LAPGTDDHNHHLALDPCLS,0
PLSHVRFWVFQI,0
IDSGKTTATERVLFYTGRINSIHEVRGRDSVGAKMDSMDLEREKGITIQS,0
CARMLSQESLRKQNRFSRASEKMFD,0
QGPGKPLFMTGPATHVFDGQLSCMHFHFSKMHGLGNDFMVVDCI,0
KWKSFIKKSTSKFLHSAKKF,0
DFRCTYCMAEHMAFLP,0
EKNILP,0
IVAQAAQDAAQEVQRAREALRDDVAALAVKGAEQ,0
GKFSGFAKILKSIAKFFKGVGKVRKQFKEASDLDKNQ,0
RLCRIVVIRVCR,0
CPHCQEEIPKKMSVTYVASC,0
RRLCRIVWVIRVCRR,0
EGKIKILEDNKEEDFENSMGRK,0
GSVFNCGETCVLGTCYTPGCTCNTYRVCTKD,0
FALLELLLRNKGRVLPRKLIEEKLYNWDDDV,0
FLGGLMKAFPALICAVTKKC,0
VAGPFRIPPLRREFQ,0
IGGPAQRPAGL,0
PFTLPQEETAHELEGDLAKVRAIAYDIVL,0
KINWGSVGGSCVGGAVIGGALGGLGGAGGGCLTGAIGSIWDQW,0
KRIVQRIKDFLRNLVPRTES,0
RDGGLAVLYGNLAPNGCIVKTAGVDASIL,0
FFPIVGKLLFGLSGLL,0
AATFIFYLVQIMAQHSM,0
GFKDWIKGAAKKLIKTVAANIANQ,0
LPDVSKKDKKELREKGVESRRSVAAS,0
RQDILVKPFTALYSSTPDPDGYL,0
KRKKHRCRVYNNGMPTGMYRWC,0
GFMDTAKNVAKNVAATLLDKLKCKITGGC,0
GLLSGILGAGKHIVCGLSGLR,0
DERCTIIIHPGSPCDPSDCVQYCYAEYNGVGKCIASKPGRSANCMCTYNC,0
FRLLLLNMHPHDELKQLINNAVDENALMKQKINEEEETEVIAQEAEE,0
NIPQLTPTP,0
FLGLIFHGLVHAGKLIHGLIHRNRG,0
AQGEQIHSIKDLEIFLQILLHNKLGTTDLVALIHAYRGSKREDLD,0
QDRPKKPGLCPPRPQKPCVKECKNDWSCPGQQKCCNYGCIDECRDPIFVN,0
VIDDLKKVAKKVRRELLCKKHHKKLN,0
GGLRSLGRKILRAWKKYG,0
IMSILITTV,0
GIFTLIKGAAKLIGKTVAKEAGKTGLELMACKITNQC,0
GLWDSIKNFGKTIALNVMDKIKCKIGGGCPP,0
YGDPRVAATMHQDVATFVMRNPQQRA,0
GLFSVLGSVAKHLLPHVVPVIAEKL,0
GSVTAGMAIYDTMQYIKSPVITICL,0
APRWKFGKRLEKLGRNVFRAAKKALPVIAGYKAL,0
IKPGNAM,0
NISVGIYQNTEEAFTVPLIPLGLKETKDIDFSVIL,0
DRTIYISGQIGMDPSSGQLVSGGVA,0
MKVFFLFAVLFCLVRRNSVHISHQEARGP,0
LRLWVTSVDSSNDVRISMDILSQVSETYRKIRNTLRFLIANTSDFNPAQ,0
CGVIDLAELVRNAHP,0
GLLDAIKDTAQNLFANVLDKIKCKFTKC,0
RRYSRVKKEGLQAPNLII,0
LLTRAVEPGSMLSAGSTVLT,0
SAGSVTFFRSPWPAMMRNAGVDVVEALRVSLLRVFLRRMDL,0
GIFSLVKGAAKLAGKGLAKEGGKFGLELIACKIAKQC,0
QYSPVEGAVANDLAEPVPDEVK,0
NIILLIAILSILVGGWGGLNQTQLRKILAYSSI,0
TTGHKQTDHLRTVALVEMAVAFAIEHLDDGGAFCAKVFQGGATKDVLNLL,0
RYHMQCGYRGTFCTPGKCPHGNAYLGLCRPKYSCCRWL,0
IVPKLVSDFNYDSVMQVPKLEKIVVNMGVGEAVSNSKLLDQAVEEL,0
INWKGIAAMAKKLL,0
LKWLLKWLK,0
ADMLHISTNCRTAEKMALTLLDYLFHRE,0
WFRKQLKW,0
WYVKKCLNDVGICKKKCKPEEMHVKNGWAMCGKGRDCCVPAD,0
FFSMIPKIATGIASLVKNL,0
FLFSLIPHAISGLISAFK,0
YGLSSGVFGRDINRALRVGMSIE,0
EGIKEADITPAHGPIKKMDYDAVSGTHSWRTKRNRSIL,0
NLCERASLTWTGNCGNTGHCDTQCRNWESAKHGACHKRGNWKCFCYFNC,0
SDLEGVITEGAVQIGPFARLRPGTVLA,0
LLGDFFRKAKEKIGKEFKRIVQR,0
PKHGKIDAKNAPHVGGNQWAGGTGGRDTAGLGGKG,0
LDSLSFSYNNFEEDD,0
GVVTDLLNTAGGLLGNLVGSLSG,0
KNLRRIIRKGIHIIKKYG,0
GLISGILGVGKMLVCGLSGLC,0
ALIAESADLARLVKSPVFSAEEQLKAISAVLDQAGISGLAGNFVRR,0
QPQFFVEMTQAPLASSR,0
KGLKEATEIAILNA,0
GSPIQCAETCFIGKCYTEELGCTCTAFLCMKN,0
GFKDWIKSAAKKLIKTVASNIANQ,0
GILDFAKTVVGGIRNALGI,0
NTGERLSGEFSLAKGFSPAMLKKLDYLMRDKRTNQVHKMDPNLFQKF,0
VDEYEEILQNELNKAKKKRKKNKRED,0
GLWQKIKNAAGDLASGIVEGIKS,0
YYFFRGHVYGDFDDGERFAFFQLAAIEAMERIAFIP,0
GLWNSIKIAGKKLFVNVLDKIRCKVAGGCKTSPDVE,0
QLTGQAVLIRFRRMLGLYAFFYASVHLTAYLWLDLRGFWTQIFEEIV,0
LKEKEFADKFRLATYNDNP,0
AEQLVVGNKAVSFTDHSELSREVAAKYDHGRLHEAVLLSGN,0
GRRRSVQWCAVSQPEATKCFQWQRNMRKVRGPPVSCIKRDSPIQCIQA,0
FAAGTKAVAQGLVDATAV,0
DKLIGSCVWGAVNYTSRCNAECKRRGYKGGHCGSFANVNCWCET,0
KVNSIKINKIGELFGTFN,0
VTCFCRRRGCASRERHIGYCRFGNTIYRLCCRR,0
LQYEPEDPMSSNGDKLLVRSKF,0
ADDKNPLEEAFREADYEVFLEIAKNGL,0
IWNKIAKSIGKVLEKAL,0
ANLDAIIKIQAWARMWAARRQYL,0
GLLGSLFGAGKKVACALSGLC,0
VLPLISMALGKLL,0
ELVRSKNPDMDE,0
KWKLFKKGIGAVLKV,0
HWEPAMQAYIADLLAGKDGP,0
INWLKLGKKLLSAL,0
GLWSTIKQKGKEAAIAAAKAAGQAALGAL,0
GLPCGESCVFIPCITTVVGCSCKNKVCYND,0
LNYRIFSDENDKMNLNVQQAQGELLIVSQFTLAADTQKGLRPSFSKG,0
SFYLRTRKDIGEIYERGKVNFFETKDPLSKIKEVVKKFIPYHDERLPR,0
FDIMGLIKKVAGAL,0
QLGDVLQKAGEKIVRGLKNIGQRIKDFFGKLTPRTES,0
GTASVARAWSSAFDNLIGNHISKTLQGSIALHVPHVLAEYP,0
AVDALQTAAKHAVATPVNWKPGERVVIP,0
ENGEE,0
SIGSALKKALPVAKKIGKIALPIAKAALP,0
KAGEQFDIDVTFPAEYHAENLKGKAAKFAITLKK,0
PHKKMASVDLHQLPMLTSWPEDGGAFLTLPLVY,0
WKAGA,0
ATCDLLSGFGVGDSACAAHCIARRNRGGYCNAKTVCVC,0
SNDSLWYGVGQFMGKQANCITNHPVKHMIIPGYCLSKILG,0
NSGGAAVVAALGCAAGGVKYGRLLGPWGAAIG,0
WKMVLGLFPKEDKIKAMDALERV,0
GSALIGQNFTDNGYFHGRPSATAEMPYNPQASGGSN,0
ILSAIWSGIKGLL,0
HSSGYTRPLPKPSRPIFIRPIGCDVCYGIPSSTARLCCFRYGDCCHR,0
LKWVVITSASGNEENQEMQVVVVSADSVNVISH,0
GLLDTFKNLALNAAKSAGVSVLNSLSCKLSKTC,0
GLAGAISSALDKLKQSQLIKNYAKKLGYPR,0
VEEFIWPAIQSSALYEDRYLLGTSLARPCIA,0
GLLSGLKKVGKHVAKNVAVSLMDSLKCKISGDC,0
LLKKLLKWLKK,0
DTTFCRCRVSCNILEKYSGKCELSGRTARICC,0
LKWLKKLLKKL,0
NRWTNAYSAALGCAVPGVKYGKKLGGVWGAVIGGVGGAAVCGLAGYVRKG,0
EQLPSERELMAFFNVGRPSVREALAALKRKGLVQI,0
KAGLEVLKDASAKAVADAKAMLAAGHVAVMLQEPCNDILFSRAKVYSG,0
SVFAFENEQSSTIAPARLYK,0
GIFSKISGKAIKNLFIKGAENVGKHVGIDVVRTGIDVVGCKIKGEC,0
KFSAKGFPIYRLEAKFDRNMSSTAPLDSKATEQ,0
LLGRCKVKSNRFNGPCLTDTHCSTVCRGEGYKGGDCHGLRRRCMCLC,0
PPAPAPSSMAGRVPSLLVLLVFPSSCLAFRSPLSVFKRFKETTRP,0
TRLQFQALDSTQFATAQGEVPELVLVNPPRR,0
AERIATVVK,0
FLPLLAGLAANFLPKIFCKITKKC,0
SIGTAVKKAVPIAKKVGKVAIPIAKAVLSVVGQLVG,0
SLGSFMKGVGKGLATVGKIVADQFGKLLEA,0
NDDPAAQARSFVAAGCTWLHLVDLNGAFAGEPVNAAPVEAILK,0
INWLKLGKKMMSAI,0
YTILETKL,0
HRQAPAFEELSTKVEILETGIKVVDLLA,0
QHGHEEFIYLSGGILEVQPGSV,0
GNILRIIVNNLGIDEASWMKRLAVFAQP,0
KVHGSLARAGK,0
VKCAVKDTYSCFIVRGKCRHECHDFEKPIGFCTKLNANCYM,0
SCNCVCGVCCSCSP,0
CLGIGSCNNFAGCGYAVVCFW,0
NYMMRDHGGFEGNGQTFRILSKLEPYTLDFGMNLCR,0
GLFDVIKKVASVIGLASP,0
ASAGIAEVATSIKVGAQARVDWLPQETILFDRAALFRRL,0
LGWGRRCPQCPRCPSCPSCPRCPRCPRCKCNPK,0
ALIAPGNRHTLLRRSGARYHVEVRDGPLVCRHRPSVDVLFRSAARYA,0
PRCPPCPRCSWCPRCPTCPRCNCNPK,0
LFIAVLTLVGSSNAEISAKMDSRDS,0
SVPTSVYTLGIKILWSAYKHRKTIEKSFNKGFYH,0
DKFENMGAQMVKEVASRTSDDAGDGTTTATVLAQAILVE,0
NIWKKIASIAKEVLKAL,0
RLSRIVVIRVCR,0
GIGAAILSAGKSALKGLAKGLAEHF,0
GISKAIYQTLSGQPEAYESPR,0
LE,0
GIFSKINKKKAKTGLFNIIKTVGKEAGMDVIRAGIDTISCKIKGEC,0
GTVPCGESCVFIPCITGIAGCSCKNKVCYIN,0
VDELKSQLADYQQALDVQQTRAI,0
KAEVVGLGMVIEKSFQDGRQKLLDQGMKLT,0
LLGTNCSPDLLFFLCAMYAPICTIDFQHEPIKPCKSVCERA,0
RCTCTTIISSSSTF,0
KGRGKQGGKVRAKAKTRSS,0
DNAVVLRQHKLGE,0
VISVTDGIVRIHGLSDAMQGEMLEFPGNTFGLAMNLERDSVGAV,0
AALRGCWTKSIPPKPCSGKR,0
RQRDPQQQYEQCQERCQRHETEPRHMQTCQQRCERRYEKEKRKQQKR,0
ADDRNPLEECFRETDYEEFLEIARNGLKKT,0
YVSCLFRGARCRVYSGRSCCFGYYCRRDFPGSIFGTCSRRNF,0
SIPARPLNLYQFGNMIQCANHGRRPTWHYMDYGCYCGKGGSGTPVDE,0
ILSGQIYK,0
GIFPKIIGKGIVNGIKSLAKGVGMKVFKAGLNNIGNTGCNNRDEC,0
PKGMYQVGLPSQKTLYQLQAERIRRVQQLADQRQGTHCTVPWYIMTS,0
KSLRGGTLLMTPLKGVDSQVYALAQGNILVGGAG,0
ACQCPDAISGWTHTDYQCHGLENKMYRHVYAICMNGTQVYCRTEWGSSC,0
FLPIIAGIAAKVFPKIFCAISKKC,0
GVIAAAKKVVNVLKNLF,0
QQQQQQQQQQQRRPGSPMVPNAPLDPNNMAKLEYEQRKNLL,0
FSTLGWPEQTKELKMFHPTDVLITGFDIIFFWVARMIMF,0
ALKCGYDSTSYFIQCFKKYFKTTPS,0
YRIVRDHSEPEGQGYFTHSYVGPVVYTPEGNFQKVSFSDLDDDAKSGKSE,0
GIGASILSAGKSALKGLAKGLAEHFAN,0
ERVKGEVLALCAKYPVYAML,0
GVVDILKGAAKDLAGHLASKVMNKI,0
GIFNVFKGALKTAGKHVAGSLLNQLKCKVSGEC,0
FKCRRWQWR,0
GVFITKGDIGIST,0
LHEETLRERILAQSIEVYQRKEEVVGAEMMRHFEKGVMLQTLDSL,0
RIITCSCRTFCFLGERISGRCYQSVFIYRLCCRG,0
QDHYNFEMLNLPKSHPARDMQDSFYITDEILLR,0
QKIAEKFSGTRRG,0
LKEVERLVNAQIRRNHTIETNIMDIESAKQKGAMALFGE,0
AVIDGCPPGMALSAEDIQPDLDRRKPGTSRHVTQRKEEDLVEILS,0
AISCGQVSSAIGPCLSYARGQGSAPSAGCC,0
GFMDTAKNVAKNMAVTLLDNLKCKITKAC,0
SGRGKTGGKARAKAKTRSSRAGLQFPVGRVHRLLR,0
RRVVSIPPLFWKPLLHMVILPIRGPRSASKYAKVWLQEG,0
EYSLFPGQVVIMEGINTTGRKLVATKLYEG,0
GLWQKIKDKASELVSGIVEGVK,0
IAPIIVAGLGYLVKDAWDHSDQIISGFKKGWNGGRRK,0
IYNVGGAGDI,0
RVCRRRSAGFKGVCMSDHNCAQVCLQEGYGGGNCDGIMRQCKCIRQC,0
DCKHPVGPYTDSCFTDCVSGKYGYNYESAFCSRDETGTCKICCCELINE,0
VDVSDKAAIAHVATVSAQDSTIGELIAEAME,0
SPTTTAAEKLELLKAVREEVGDRAKLIAGVGTNNTRTSVELAEAAASA,0
GGTIFDCGESCFLGTCYTKGCSCGEWKLCYGTN,0
IILNP,0
SLKNFE,0
AALRGALRAVARVGKAILPHVAIANPYVRTPYVHNNP,0
GAHFSNLIQSSADRLGVDVE,0
GLLSGILNTAGGLLGNLIGSLSNGES,0
RRWFWR,0
RNVLCTSNPYESQLHAEAYEWAKKISEHLLP,0
ALLDKLKSLGKVVGKVAIGVAQHYLNPQ,0
YLFGLAQKLGPIYRIRLGLQDVVVLNSNKTIEEALIQKWVDFA,0
SFLTTVKKLVTNVAALAGTVIDTIKCKITGGCRT,0
LEKKKLMAARERKATKTLGIILGAFIVCWLPFFIISLVMPICKDACWF,0
LALKSGGWLRLFGLKDKKH,0
GIFSKLAGKKLKNLLISGLKSVGKEVGMDVVRTGIDIAGCKIKGEC,0
SAAGVAVAFGSPIGGVLFSLEEMAYNFPASTMWRSFL,0
FDNPFGCPADEGKCFDHCNNKAYDIGYCGGSYRATCVCYRK,0
DLDIKTTSVRFTGETLKVPVSMDMLGRIFNGIGKPIDGG,0
LPVNEAQCRQVGGYCGLRICNFPSRFLGLCTRNHPCCSRVWV,0
GIGAAILSAGKSIIKGLANGLAEHF,0
RRAAVVLIVIRR,0
KFFRKLKKSVKKRAKEFFKKPRVIGVSIPF,0
FAILLLLIIVVLIVVFT,0
ADDLLNERYEAVG,0
KPWERE,0
VVITKLRLDKDRKSLLERKAKGRAAADKDKGTKFTAVDVMQN,0
MTPFWRGVSLRPIGASCRDDSECITRLCKKRRCSLSVAQE,0
GGLKKLGKKLEGAGKRVFKASEKALPVVVGIKAIGK,0
GDDLTVTNPKRIAKAVQEKSCNCLLLKVNQIGS,0
SVSCLRNKGVCMPGKCAPKMKQIGTCGMPQVKCCKRK,0
YENPYGCPTDEGKCFDRCNDSEFEGGYCGGSYRATCVCYRT,0
FGGLSWITKVIMGAVLIWVGINTRNMTMSMSMILVG,0
FLPIVAGLAANFLPKIVCKITKKC,0
ISQRIQTNNNPFHVPIEEQRGDYDLNAVRLCFQVTV,0
GLGSFLKNAIKIAGKVGSTIGKVADAIGNKE,0
STPVLASVAVSMELLPTASVLYSDVAGCFKYSAKHHC,0
QFLHIMTK,0
GYGCPFNQYQCHSHCSGIRGYKGGYCKGTFKQTCKCY,0
IYTGLLPD,0
LRDLVCYCRKRGCKRREHMNGTCRKGHLMYTLCCR,0
ACALCLQ,0
INQKGKNVKCIYVFIG,0
RDAPSEDARAERAVEDAHAVLGRFPEQFGPALERAIRAKLGLALERE,0
SNLANAISDLTNSMSDAASSVSRSAS,0
LLGPVLGLVSNALGGLLKNI,0
INWKKIFESVKNLV,0
QSSNSNVEAVSAPTYHNYSTSTTSSSVRLSNGNTAGATG,0
LDSNKFAVSGND,0
QMLFLESDEEC,0
RFPWWWPFLR,0
RLGDILQKAREKIEGGLKKLVQKIKDFFGKFAPRTES,0
CVKCKCKCGSGVKVKVKVC,0
KPFLMPVEDVFTITGRGTVATGRI,0
GFMDTAKQVAKNVAVTLIDKLRCKVTGGC,0
FLPMLAGLAANFLPKLFCKITKKC,0
DPVTCLKNGAICHPVFCPRRYKQIGTCGLPGTKCCK,0
KRCHLTIDKATACSLSDCRLSCYSGYNGVGKCFDDPKVAGPSNCGCIYNC,0
KKATVEDFPLCVHLVSDEYEQLSSEALEAGR,0
TTARMLEILHIETGVAADVDSDTEIGML,0
ACQFWSCNSSCISRGYRQGYCWGIQYKYCQCQ,0
GGDNLSYIAPSMVN,0
KDSDE,0
VARIDLTEWETNPE,0
EMHKKCYKNGICRLECYESEMLVAYCMFQLECCVKGNPAP,0
ARDLVALTNEALSISITQKKSIIDTNTIRSALHRQTWDLRSQ,0
LLSLVPHAINAVSAIAKHF,0
MNTQIIPSVKREYITCRYHTVVPSPQIKCCGTVECPKGEKADYT,0
SGKLWWRRKK,0
EFINKIKASPWFKNTVIVVSSDHLAMNNTAWKYLNKQDRNNL,0
KWKLFKKAVLKVLTT,0
ISKNPVSVSSVAVAK,0
LLINKSPEERAALAEERTEGGTPLLIA,0
EGTIVSVSDGVIRIHGLADCMQG,0
GIMRVFKGVLKTAGKSVAKNVAGSFLDRLKCKISGGC,0
GIFDKLKNFAKGVAQSLLNKASCKLSGQC,0
RNHGFATAGVHPATMHLVDDFLATGTQIKT,0
GIVDFAKGVLGKIKNVLGI,0
IAVRLQEIKPDIVFNCLHGTYGEDGCLPGLLNIMRIPYTHSGML,0
VAMALFSGIFNIGIGAGALVGNQVSLHWSMSMIGYVG,0
RWKVFKKIEKVGRHIRDGVIKAGPAITVVGQATAL,0
GLGKAQCAALWLQCASGGTIGCGGGAVACQNYRQFCR,0
ILGAILPLVSGLLSNKL,0
RARASAALHNI,0
AGGKTVLASAQHVGPLTVQRPFYPEEETCHLYLLHPPGGIVGG,0
RNDVPMAGPLVAGGLLIA,0
GSEHEHSAQQPTALEIMKTFMAKKEEIKREWYVVDAKGKVLGRLASEI,0
ICNGIALHSPGFVPYCATFFVFTDYMRGAMRISALSEAGVIYVMTHDSIG,0
QETCHDLIMKRDCDEATCVNMCQQKWKGSGGSCFQNFNVMSCICNFPCQV,0
GIMDTVKNAAKDLAGQLLDKLKCKITAC,0
DKLIGSCVWGAVNYTRNCNAECKRRGYKGGHCGSFANVNCWCET,0
RYFYSYHGFDYFNFN,0
VGGRTEIRDVGSNKAVQSLGRFAVAEHNRRLRHGGSGGP,0
RTCESQSHRFHGTCVRESNCASVCQTEGFIGGNCRAFRRRCFCTRNC,0
EQTDLFRSDMTQLRILPPEFFVGAMETIDEVVEMVSTLL,0
RIWVIRWR,0
FLPVILPVIGKLLNGIL,0
IIGLVSKGTCVLVKTVCKKVLKQG,0
GFGCPFNQGACHRHCRSIRRRGGYCAGLIKQTCTCYRN,0
ISVAWYSIHADSGYNVCDNGYKLPLIYVV,0
YSFQYDVMRLLELEGLSVKFCKVGNL,0
GLLKRIKTLL,0
GLVASIGRALGGLLADVVKSKEQPA,0
GRGEPRFIAVGYVDDTQFVRFDSDAASQRMEPRAPWI,0
YCNRRTGKCQRM,0
LASADRKANKVATEGVIVS,0
CFKFKFKFGSGFKFKFKFC,0
RECRSESKKFVGLCVSDTNCASVCLTERFPGGKCDGYRRCFCTKDC,0
GVLSNVIGYLKKLGTGALNAVLKQ,0
VWQGLREQRGWLWAGAGVIALGAYGFVAAFQPDANFGRVLAAY,0
SKKGKM,0
FLGGLWKAMSNLL,0
GFGPTMLRAAPANGATFAT,0
RCRFCCRCCPRMRGCGICCRF,0
EKYTEVPEYI,0
AQCGAQGGGATCPGGLCCSQWGWCGSTPKYCGAGCQSNCR,0
AVNIPFKVHFRCKAAFC,0
LSKQLGGEALVSLIVEESHTCYQGERGQLHAWGHGCGTC,0
DDKREVLSNKPAKGHVAKANTAPKRFIREFKNIEGLEVGAELSV,0
ESHRLPLLPEISGMFD,0
SFDSVNSGLDENQINNEFNKSTYIKIEDNKEYSEN,0
RHLVTIVASPIPAEGHIPPRFLETLVSLEADVAKTLAAEKSAPKK,0
GSEIQPR,0
SFIFSIVAFLYFFYKTWATDPGF,0
RIPVIMIGDGSMTAGMVYEALNELGERKYP,0
KKINNPVSCLRKGGRCWNRCIGNTRQIGSCGVPFLKCCKRK,0
SLGVTLGAAGVYTATQTIATQIWKCGAVLTTSAECSRTGKSC,0
EAQIPELVLVNPPRRGIGRELCDYLSQMAPKFILYSSCNAETMAKDISL,0
EFLSKLRPNVEPVIQAEIDGILDGLFILPS,0
GLWNSIKIAGKKLFVNVLDKIRSKVAGGS,0
DADLYTPSIHLYFNDDLTEL,0
GLWNSIKIAGKKLFVNVLDKIRCKVAGGC,0
ILSAIWSGIKSLF,0
SLFSLIKAGAKFLGKNLLKQGAQYAACKVSKEC,0
RWKFFKKIEKVGQNIRDGIIKAGPAVAVVGQAASIT,0
GIFTFEDESTTTVAPAKLYK,0
ILPFVAGVAAMEMEHVYCAASKKC,0
RLERALGAFMLDLHTGEHGYTEVNPPILV,0
LLLVMA,0
ALLHHGLNCAKGVLA,0
GLLDSLKGFAATAGKGVLQSLLSTASCKLAKTC,0
GIIDIAKKLVGGIRNVLGI,0
ISRVQ,0
LKKLLKWLLKLLK,0
DGRFELLKGLDPSKDQSYFL,0
SVGWGKNSNDGSELVISGSLDDLVKVW,0
SIPCGESCVFIPCTVTALLGCSCKSKVCYKN,0
APRKNVRW,0
GLKDIFKAGLGSLVKNIAAHVAN,0
GIPCGESCVYIPCLTSAIGCSCKSKVCYRN,0
RRARIVVIRVAR,0
INWSSIFEKVKNLV,0
VVQFSEDLANQGKTVIIAALDGTFQRKPFQSVIDLVSKAEYITKLTA,0
LNRSMDPKNYESGGGHSQPPLIAQLPTMQLPLLPQVGAHSLSHSL,0
QLEARFEPKQRNFRKRELDFEKLFANMPDY,0
CNVVPHFN,0
HTNTMDAQEVETIWTILPAIILILIALPSLRILYMMDEINNP,0
DTMVIIPAIDLKGGKCVRLLQGDFERVTVYSDHPVEMAKAWREKGAER,0
GLMSVLKGVLKTAGKHIFKNVGGSLLDQAKCKITGQC,0
SVKPENVKDYMACPDVDGALVGGASLEADS,0
LLPILGNLLNGLL,0
KGEGIEIVAYVAGK,0
SPANTENAYFAEVGLVSN,0
CSVHQPRPEIFYLFSN,0
CPAIQRCCQQLRNIQPPCRCCQ,0
WRYGKVGCISLPLREMTAWINPPQI,0
LRDLVCYCRTRGCKRRERMNGTCRKGHLIYTLCC,0
KELKGNVEVWSHKDHRI,0
ILKKWPWWPWRRK,0
KTCENLSGTFKGPCIPDGNCNKHCRNNEHLLSGRCRDDFRCWCTNRC,0
KRVAASDVEEG,0
YRVLPDRIETGTFLVAAAISRGKI,0
LIGPVLGLVGSALGGLLKKI,0
INWKKIASIGKEVLK,0
TTKNYGNGVCNSVNWCQCGNVWASCNLATGCAAWLCKLA,0
ARLNSGYELRVAEFCDIGDY,0
RYCPRNPEACYNYCLRTGRPGGYCGGRSRITCFCFR,0
RQQREVIYKQRFEVIDSENLREIVENMIKS,0
VNDIMKMVVLKPKINS,0
TVYTNA,0
SFPFFPPGICKRLKRC,0
KGVSQNYPIVQNLQGQMVHQALSPRTLN,0
LYCKNPVIHQLPELQQNFLGGSMKLGSCPCYLESGSKIFSIYQQSIIHER,0
PWYLTLLVLFGASLTACTLT,0
GIPCAESCVWIPCTVTALLGCSCSNNVCYN,0
GSFQAQWQESHKRLSFNQISLTANDSTLSGQAQVTLTEKPEW,0
VFIDILDKMENAIHKAAQAGIGIAKPIENMILPKLTK,0
GLLNTFKDWAISIAKGAGKGVLTTLSCKLDKSC,0
QRFSQPTFKLPQGRLTLSRKF,0
SDCNINSNTAADVILCFNQVGSCALCSPTLVGGPVP,0
ARKGKKRPTAGDKNKQKAVKRKIEQANANGHHKMKEENKS,0
PVDIATHVAQKLTGLPENQIFGSGTNLDSARLRFLIAQ,0
NIERKNNDQPLFANPRNSCAGTLRQLDPKIVASRKLDFFAYSLYFP,0
KVFLGLK,0
MDVVRTLILCVCLFGLTFA,0
ALWKDVLKKIGTVALHAGKAALGAVADTISQ,0
IEMALERSDVEKIAHLARLGLSEADLPR,0
LLATKVVDTIKQASNNIVNTTIDRSNLWQ,0
DEVKEIVDFLKFPERYIELGAKIPKGVLLVG,0
YPASYDDDFDALDDLDDLDLDDLLDLEPADLVLLDMWANMLDSQDFEDFE,0
NWMGPRLDNLNAARIGSSRAITQLILNLVEGSP,0
KMNLQLFAQKKGTGS,0
SILHPIDYAFNEYFLQHQLVEPLNNDIIF,0
DLFQVIKEKLKELTGGVIEGIQGV,0
KWKLFKKLKVLTTGL,0
MTESLFPGYHTKARAVMNFVVR,0
DNETVGQEGVLEVLPYTEATTAAEIETCMRKIIAESSEGLVIKDPTSVYR,0
EFKRCWKGQGACQTYCTRQETYMHLCPDASLCCLSYALKPPPVPKHEYE,0
RNIVIALNKIELVDR,0
GIGASILSAGKSALKGFAKGLAEHFAN,0
IKVPIPSGQYVYSLPNDRKFHPLEKLGRYLM,0
QDIELCPECFSAG,0
TFKELVYETVKVPGCAHQADSLYTYPVATECHCGKCDSDSTD,0
SWLSKTYKKLENSAKKRISEGVAIAILGGLR,0
VIGDDV,0
GTTVVNSTFSIVLGNKGYICTVTVECMRNCSK,0
APEERQRGITINIS,0
GLLDSLKNLAINAAKGAGQSVLNTLSCKLSKTC,0
FLSLIPHAINAVSALVHHF,0
GLMDTVKNAAKNLAGQLLDTIKCKMTGC,0
VTCFCRRRGCASRERLIGYCRFGNTIYGLCCRR,0
RCICTRGFC,0
ENVEDTTSDS,0
VEGFQLSNTVGDVYKEYRNFCVPAVSPDMVV,0
SIVPIRCRSNRDCRRFCGFRGGRCTYARQCLCGY,0
HKFLYDLGVVPTKEPFQKLFNQGMIL,0
ILNGLDEIDFTLQHYKKIKK,0
AQLRLSYQLNDEFSDNLTCIPENREDEVCVCRMLMDN,0
ILGKILEGIKSLF,0
GKIPVKAIKKGGQIIGKALRGINIASTAHDIISQFKPKKKKNH,0
GGLKKLGKKLEGAGKRVFNAAEKALPVVAGAKAL,0
FLENQDCSKHRHCRMKCKANEYAVRYCEDWTICCRVKKKESKKKKMW,0
GVLDILKGAAKDLAGH,0
CIKNGNGCQPDGSQGNCCSRYCHKEPGWVAGYCR,0
TAEDYKSELREQLPLTGSAAAGVVFIVSLVAISIVCSRKRTYSK,0
DAIEAQALECKPKMIIAGGSAIPRQIDFKRFREIADK,0
REDKK,0
EAALKQGAKVMVTSHLGRPTEGEYNEEFSLLPVVNYLKEKLSSPVRLAKD,0
YKEGELLPVEMPERVSNGAERRDQVGQ,0
GQPIRSDGPESHQTKAGTPTM,0
FFPTIAGLTKLFCAITKKC,0
YLFKKFPKANEGELS,0
EVGHFWGYRIDERNAELLRQLTAEINRLELVPLPIHPHPD,0
SGISGPLSCGRNGGVCIPIRCPVPMRQIGTCFGRPVKCCRSW,0
LVNILYAPGLLFLRNVCQMKPSLSERNILLEEGPKGLYD,0
APKGVQGPNG,0
EAQIARG,0
VRKSAWSVCYSRRPLHISRS,0
IFGSLFSLGSKLLPTVFKLFSRKKQ,0
GLLNGLALRLGKRALKKIIKRLCR,0
HICHDYLEGDHCDPKDCNLDCRDKWKGTGTCEPPTGTPLTRTCYCTYDC,0
FLPLLASLFSRLF,0
PIPRVEYTEEETKTWGVVFRELSKLYPTHACREYLKNFPLLTKYC,0
GFGCPNNYQCHRHCKSIPGRCGGYCGGWHRLRCTCYRC,0
GLFGKILGVGKKVLCGLSGMC,0
QVFTLIKGATQLIRKTLGEQ,0
DIIASLVREAKVGEVYHAKVVRI,0
YRINVADSRAPRDGRFIETVGTYNPLVEENQVTLKEERVLEWL,0
ATCDALSFSSKWLTVNHSACAIHCLTKGYKGGRCVNTICNCRN,0
ELFLPIENPVLTQLDKLNPDNLTPKQALDILYQLIQLRQQKME,0
QNHVTPSRHRNSSSESAIVPKTVKSGVVTKRSSLPVS,0
ANCSCSTASDYCPILTFCTTGTACSYTPTGCGTGWVYCACNGNFY,0
ESEFDRQEYEECKRQCMQLETSGQMRRCVSQCDKRFEEDIDWSKYDNQE,0
ILGPVIGTIGNVLGGLLKNL,0
LEMNVNQLSKETSELKALAVELVEENVALQ,0
GVFTLIKGATQLIGKTLGKEVGKTGLELMACKITKQC,0
HDVNQMIEKLEEKTREVIESSRNIKKIERENQ,0
LKDPDMVWDFWSLCPESLHQVTFLFSDRGIPDGHRHMNGYG,0
MAADIISTIGDLVKLIINTVKKFQK,0
SASVLKTSIKVSKKYCKGVTLTCGCNITGGK,0
LVHGYYKIDAELVLPT,0
KPWERL,0
KPRIILLDPAGKPFTQAYAEELAL,0
KDFRNIEN,0
QDGQTTINDYNAI,0
SWKLHLRGYRIKYEPLAMC,0
LRDLVCYCRKRGCKRREHINGTCRKGHLLYMLCCR,0
ASVTSTLMTGS,0
LLPIVGNLLNSLL,0
TGSEECRSLYNTVATLYCVHQRIEIKDTKEALDKIKEEQNKSKKKAQ,0
YSGDDAYATDAILNS,0
MHQCEIWRELFS,0
AHFQPGDAVLETDIASFDKSQDDSLALTALMLLEDL,0
KVPIGAIKKGGKIIKKGLGVIGAAGTAHEVYSHVKNRQ,0
RLARRVVIRVAR,0
GKNGVFKTISHECHLNTWAFLATCCS,0
LRDLKCFCRRKSCNWGEGIMGICKKRYGSPILCCR,0
KKKSGVIPTVSHDCHMNSFQFVFTCCS,0
NLTLTLDKGTLHQEVNLV,0
RGSAQLACTSQGQWTQEVPSCQ,0
DKGPAIKYRNTPEPVSVSHY,0
WFYQGMNIAIYANIGGVANIIGYTEAAVATLLGAVVAVAPVVP,0
WNPFKELERAGQRVRDAVISAAAVATVGQAAAIARGG,0
AVTIRVFQGEREMA,0
FTIAEPYIHPCMKGFCSFKSECANKCIFMGHHKGGDCIGGLDGIYCCCLA,0
LLGDFFRKAREKIGEEFKRIVQRIKDFLRNLVPRTES,0
GLFRRLRDSIRRGQQKILEKARRIGERIKDIFRG,0
FLPLLLSALPSFLCLVFKKC,0
IVEDNGLRLALPPKVELPQ,0
SPKKTKPVKPKKVA,0
GIMDTVKNAAKDLAGQLLDKLKCRITGC,0
MTQKDQSPRVGFVSLGCPKALVD,0
GLMDMVKGAAKNLFASALDTLKCKITGC,0
FAQSAITINGWLRDFLWAQASQVINSYGSALSAYGLMFLGAHFVWAFSL,0
AVKDTYSCFIMRGKCRHECHDFEKPIGFCTKLNANCYM,0
SDYSRKRDPPQKYEEE,0
VPGAEGQYFAYIAYDLDLFEPGSI,0
FKCARWQWRMKKLGA,0
LGDAIKHLDDLKGTFAQLSELHCDKLHVDPENF,0
LRDLVCYCRKRGCKRRERMNGTCRKGHLMYTLCCR,0
HPKDIDVTPMLIGLASVPPAFQLCFIPSMHWQ,0
DGKWVQGVTVQSLWNQTLEKMRVPAQATIAVLASAV,0
IEPDMSLTGGTFYSDQQ,0
IDARNLPSQLQRFPELLQEVRDNHINCDVL,0
GIFGKILGVGKKVLCGLSGVC,0
IFGAILPLALGALKNLIK,0
NTPPHIKPEWYFLFAYAILRSIPNKLGGVLALVLSILILALV,0
DRRYAGLEDSLIPDAENLKVTLERALP,0
LYLAFFCFGWYALH,0
VKVIVETALLTDEEKVRACQ,0
GLPGKKNVLKKSRESSGKPGGTNKKPF,0
CRSTAFTCAN,0
AARLCN,0
FIKTYGCQMNVYDSVRMSDALAKDGYVQTEDMGEADLV,0
YYSTAFYAPIYRVVETSNGIGCWKTYNITIGEYQIYSNLTMKV,0
AVSIDVRNMPESPEIFEQAMQNLPECFSPQLLFLDAD,0
SYVGDCGSNGGSCVSSYCPYGNRLNYFCPLGRTCCRHAYV,0
RWKVFKKIEKMGRNIRDGIVKAGPAIEVLGSAKALGK,0
VTATMGAPVFIWLL,0
LIGSLFRGAKAIFRGARQGWRSHKAVSRYRARYVRRPVIYYHRVYP,0
KKSYPEYGSLDLRKECKMRRGHCKLQCSEKELRISFCIRPGTHCCM,0
STGFNLNRKRTQELLGFDGLLE,0
GLFTKFAGKGIKDLIFKGVKHIGKEVGMDVIRVGIDVAGCKIKGVC,0
SRDLICYCRKGGCNRGEQVYGTCSGRLLYCCPRR,0
GSLKRSGDSLDVTFVVTDFN,0
TLYAE,0
GIGYILDRQSTRKSWTRHFVKFGEGQDEAWRQWKGIYHLSMTTCYASFIA,0
IAANHILKTREKLNRILSERTGQS,0
AIALLLVCLA,0
LKSTLNKGPMYSFQ,0
GSDVAVNGSFPTIYRNYSNSVPYERRITTLLQWLDLPKAD,0
GIPVVAHLGLTPQS,0
DAIADMHFML,0
ALSAPVLVVAHGGLGTLNAAALTAEALRARGVECAGVVVGSWPSAPD,0
QAMKYM,0
SLFSLIKAGAKFLGKNLLKQGACYAACKASKQC,0
EVLPNNPLAVFSGPSFAIEVARKLPYSMVLACQNEVLGLKLVSELQQE,0
YSPQMGFEGANVLFDSWVHPLMMGLEEH,0
VGALAVVVWLWLWLW,0
GRFRRLRKKTRKRLKKIGKVLKWIPPIVGSIPLGC,0
YMWLQSRDL,0
WLRRIGKGVKIIGGAALDHL,0
GRLKKLGKKIEGAGKRVFKAAEKALPVVAGVKALG,0
ASLSSVTHQLSQLEKLGYLRRDPKRPRAMEVLMPLTLDGGATGR,0
FLPMLAGLAANFLPKIVCKITKKC,0
HRHQGPIFDTRPSPFNPNQPRPGPIY,0
IHFTARNIVDTTAPYELVSRMRASFWVIGPL,0
LFGFLIKLIPSLFGALSNIGRNRNQ,0
GILDTLKNLAKTAGKGALQGLVKMASCKLSGQC,0
VQGSRLNSQPACTARRRTRVLIL,0
LEFDCYGGGLSKINTPLLTPLKLSLEEWSTKPTNDS,0
IGPDTKKCVQRKNACHYFECPWLYYSVGTCYKGKGKCCQKRY,0
GVLDAFRKIATVVKNLV,0
ASGGMRNALVRFGKRSPLDEEDFAPESPLQGKRNGAPQPFVRFGRSGQL,0
YLKRSQSERDNYITLYDFDYYIIDKDTNSVTMVDKPTELKETL,0
SIYERCELARELINR,0
QTCASRCPRPCNAGLCCSIYGYCGSGNAYCGAGNCRCQCRG,0
RYRSFERLYEDLTRLLEENVK,0
FIKELLPHLSGIIDSVANAIK,0
KDAKLKVQAAIQGEQVRVTGK,0
QFCFSHRRKRRILFSQA,0
PKDNHLQALCLCTKTKLNKCH,0
NLVSGLIEARKYLEQLHRKLKNCKV,0
RWRWRW,0
HFETVRKSFDKIWDN,0
ILSAIWSGIKS,0
SLNVMRKGIRKQPVSSGKRGGVNDYDM,0
FLGALWNVAKSVF,0
ILLNLKEIVFRTKSLDVQKGYLSIQ,0
RAYREDELIQLL,0
MGVEALAEYLV,0
GLIGSIGKALGGLLVDVLKPKL,0
GLLDTLKNMAINAAKGAGQSVLNTLSCKLSKTC,0
MNNTIKDFDLDLKTNKKDTATPYVGSRYLCTPGSCWKLVCFTTTVK,0
ADHPFLFLIRHNVTNTILFDGRFYSPMDSLTKSINQFALEFSKK,0
SPNVYTEKKEIAILRERLTELERK,0
SKLQKAQELGIQVRDEAWLESLMNKRMNE,0
YKKACSDAVNPPSVTEANTQY,0
FSRSQELKDWIDRLKDERLSLHQR,0
APPPPPVHPV,0
EALYNSEDLYEETSDSDD,0
LSKQSYPLGLEILVYLGFLIAYAVKLPVFPFHTW,0
GGRGGFDSRGGARGGFGGRGGSRGGPRGGPRGGARGGRGGARGGAKGG,0
GKKLFVNVLDKIRCKVAGGC,0
VTCDILSVEAKGVKLNDAACAAHCLFRGRSGGYCNGKRVCVCR,0
LILAGQVKVKGQLGEMAKCLDNPDQGISDMCR,0
TLPSSPLLLLSLGAWLLPPQLLWECCHPACGKHFSCIVRRAC,0
VDKGSYLPRPTPPRPIYNRN,0
YPASMDNYDDALEELDNLDLDDYFDLEPADFVLLDMWANMLESSDFDDME,0
RCYTNDDCKDGQPCPVPLACLFGSCICPWKSQSKLPICQIICANLD,0
GLFPKFNKKKVKTGIFDIIKTVGKEAGMDVLRTGIDVIGCKIKGEC,0
GLLDTFKNLALNAPKSAGVSVLNSLSCKLSKTC,0
VDKPDYRPRPRPPNM,0
LYLFWCGWQAGLYFLVSIGLLT,0
VARGWKRKCPLFGKGG,0
MTAQGNKPSSHDVITGRWTPSAADRAAGRVSGFGVITNIINGGLDC,0
GWLRKLGKKIERIGQHTRDASIQVLGIAQQAANVAATAR,0
DKLIGSCVWGAVNYTSNCRAECKRRGYKGGHCGSFLNVNCWCET,0
LSAAVKAGASLIDGGNMLETIRVTPNNFSSI,0
DSNYVSK,0
LSDAATKVEGLEALLQSLVQVLGSTDVNVVTCAAGIL,0
IIGPVLGLVGKPLESLLE,0
MPCSCKKYCDPWEVIDGSCGLFNSKYICCREK,0
RRRHVFSYVPSSVQIKETAPGNIKKHQSSIETRLFDRNMLRLVAFE,0
DAICDLVSTGATLE,0
GILGNIVGMGKKIVCGLSGLC,0
DRVMQELTEYELVPEAWGGDTIFAPISAKFGEGL,0
DMDSAIETKVGKGYLAHEMQVLLVEDDQTLFQELKKELEHWDFF,0
YSYKLTKRTIICYGAAGTCARVVCDCDRTAALCFGDSEYIEGHKNIDTAR,0
INWKKIFEKVKDLV,0
CVATRTGLGGIVGQKRSHFSWRFAVDFA,0
DNAAMIGSAAYFEYIKGR,0
YVPLPNVPQPGRRPFPTFPGQGPFNPKIKWPQGY,0
RWKIFKKIEKMGRNIRDGIVKAGPAIEVLGSAKAI,0
RQLLIIDNFVPIEVKQRLYTQAKYDEEQEEWKFSS,0
MSLIITGFAPVTDIRKTLTPQLRMDKGETDLILIDLGRGKNRMGA,0
FLATLPT,0
LWLCSVLVYVAQAVPGKFLLYMAAFCTTFWAWPRETASSLIRIVTTPL,0
SYLHSKGIIHRDLKADNLLIDFDGVCKI,0
KIAAGMDGNAEVI,0
LSVSGIGPKSALAIIASGDVVPLITAIESEDDVYLT,0
MKDLDAFENETAKKVKLQNIL,0
EQDPEQPGGIAGGGGGRDNIRWTPSPAGFFSI,0
QYGRRCCNWGPGRRYCKRWC,0
MLMACYSAGQLGCLVFCNEAEYSYGKCIGRGRCCCYDL,0
TPLFNETAYCLAVEKLLGIT,0
EKRMQELAKRDEPVTRRVVSRDEAVSYFRSIGEKYKAEI,0
GIGALSAKGALKGLAKGLAEHFAN,0
GSRYLCTPGSCWKLVCFTTTVK,0
LVAVGVKEIEASFPAASQTDFDFVRTLIED,0
FLPAVLRVAAKVVPTVFCLISKKC,0
TGRKIIVDTYGGMARHGGGAFSGKDPS,0
SALVGCWTKSWPPKPCFGRG,0
KDRPKKPGLCPPRPQKPCVKECKNDWSCPGQQKCCNYGCIDECRDPIFVN,0
SRELGFYLQKGLFEEY,0
RLPDCLVEWSVKRLKAAGA,0
WLGSALKIGAKLLPSVVGLFQKKKK,0
FKLGRN,0
EKYTEAPEYI,0
KKLIAGPSVFICDECIDLCNEIIRDEAAAA,0
FLPILGKLLSGLL,0
ALWKDILKNAGKAALNEINQIVQ,0
TSYGNGVHCNKSKCWIDVSELETYKAGTVSNPKDILW,0
DTPDQLWVVSHPPVYTLGQAGRREHILDPGEIPVVETDRGGQVTYHGPG,0
KIPCGESCVWIPCVTSIFNCKCKENKVCYHD,0
LLNYPVLMAADILLYNADLVPVGNDQKQ,0
QTKPRGDRARYLKLARTNAATALTSKLSQQSTVHQRLTALAS,0
ALLLAIRKR,0
PQRLTMSGILTRWRQFGKRYFWPHLLLGMVAASLGLPALSN,0
RLCPRVRIRVCR,0
RIIDLLWRVRRPQKPKFVTVWVR,0
TNNLKSDGSKAHEKKENETKNTAGEN,0
LLSAVGVAAMTTTMMAMRHELLDTSLTKLPQK,0
KNGYGGSGNRWVHCGAGIVGGALIGAIGGPWSAVAGGISGGFASCH,0
ETLALLTSQLRPDSNHREEMGFLRD,0
KRDENRLLFDHQREIAAKFGYVRQEGQPVNYGVEQFM,0
GPDETMSNRFWEMFKVTNRQWMQVIKN,0
KTKLTEEEKNRLNFLKKISQRYQKFALPQYLKTVYQHQK,0
VVYTVQGKMDAAASMIEKAILANPTYAEAFNNLG,0
GWLRKAAKSVGKFYYKHKYYIKAAWKIGRHAL,0
IKFSQLAPLPPSNETAVFDNYGDDEGTQSGYNNEPLSP,0
ATCDLLSGFGVGDSACAAHCIARGNRGGYCNSKKVCVCRN,0
GLLLDTLKGAAKDIAGIALEKLKCKITGCKP,0
ISWMHIPQLNGQDQQLTLTVGENGHYTLEGEEFTVNG,0
AGDGTTTATVLAQALVKEGLRNVAAGAAPSALKHGIEVSVEAIA,0
IEGIPAGLKLSAKDINEDLK,0
IDAVGAVQCSAKSGIGVEDVLEEIVAKIPAPTGDENAPLQAVIVDSWFDN,0
KNVSRTSPNTTNTKVTTRNYQRTNSSKPRAAKAHNIATSSK,0
GESSGPDVSREGVQRDLLPLVEGCTV,0
NLGRYGSRGQQRSIALALKIGEAGLMRRRSGEAPVLLLDDVLSE,0
GVLDAFRKIATVVKNVV,0
GVKCSKEVATAIRGA,0
VGLGTQFLRHIERTRVILHIIDMSASEGRDPYEDYLAINKELESYNL,0
GNNRPVYIPQPRPPHPRI,0
QKECIGPCDMFTDCQAACVGIRKGYNYGQCVAWKPKDDDPFTCCCYKLTP,0
AAMNGLAGPLHGLANQEVLVWL,0
RRICRCRIGRCLGLEVYFGVCFLHGRLARRCCR,0
KAGLAFPVGRVHRLLRK,0
DKLIGSCVWGAVNYTSNCNAECKRRGYKGGHCGSFLNVNCWCET,0
DPQGLNSCADKGCNRGVLTMGWGSGTSKLPYLITPQEAIANITPTAEF,0
FVPYNPPRPGQSKPFPSFPGHGPFNPKIQWPYPLPNPGH,0
PLVKEKLPAITPTTSNAMISNGTSNPDVEN,0
EFKRCWKGQGACRTYCTRQETYMHLCPDASLCCLSYALKPPPVPKHEYE,0
GIGGALLSAGKAALKGLAKGFAEHF,0
GVWSTVLGGLKKFAKGGLEAIVNPK,0
ILGPVLGLVGNALGGLIKKI,0
PIVDACKSF,0
ASGWVCTLTIECGTLVCAC,0
IEPVITGNVLTLEFENRSQIVINKQEPMHEIWLASKSGGFHFS,0
RECQSQSHRYKGACVHDTNCASVCQTEGFSGGKCVGFRGRCFCTKHC,0
FFPNVASVPGQVLKKIFCAISKKC,0
VSDDEIKKAEDARDALKK,0
PTMDAAEAFKSIKQQVN,0
KIERKILDSQERAFWDVHRPVPGCVNTTEVDI,0
RRCICTTRTCRFPYRRLGTCLFQNRVYTFCC,0
AVNIPFKVKFRCKAAFC,0
GFSVSQRCFVLQPKEKIVISVNWTP,0
KILVVNNYGQFNHLIYRSIKDRVEARMISNETPVEDIVADGLIL,0
KLLKWLKKLLK,0
GLPVCGETCTLGKCYTAGCSCSWPVCYRN,0
SGFVLKGYTKTSQ,0
RKFHEKHHSHRGYR,0
GFRDVLKGAAKQFVKTVAGHIANI,0
GFLGPLLKLGLKGAAKLLPQLLPSRQQ,0
HKTDSFVGLM,0
LTGTQHDGPLAYRYPRGKAL,0
FKTWKRPPFQTSCSGIIKE,0
AATSAAPAATETPSALPTSQAGVAAPAADPN,0
HGPDSCNHDRGLCRVGNCNPGEYLAKYCFEPVILCCKPLSPTPTKT,0
SYVFMALVRVSCMLALLLIAGQGQAAPVKTEGSTLGLLGGGFGGSVGLSA,0
FLPAVIRVAANVLPTVFCAISKKC,0
DISEDLLKLIQQRKVTRLKIDKEKMKGKLDEINNKLNDILYLRVLIAT,0
LLDVLLE,0
SMLSVLKNLGKVGLGLVACKINKQC,0
DLPECCSATELELDSGKQTS,0
RTCDPEYYHWTQWAFIKMFNSY,0
GVSMALFSKKDKYIRITPNNSLKSSVSRNIPEVPDELFAK,0
FGDKESEFELQDESHEEIAKKVYEEIQEIPIVNITPNRYQP,0
KQFRIRVRVIRK,0
EGPLDLLLHLI,0
RGKRWWRRKK,0
SRRSTAELQYITTLYERAIVLYPLIPELWLQYTAW,0
DLVCYCRARGCKGRERMNGTCRKGHLLYMLCCR,0
SQNVGLTITVTPCWCYGSETIDMDPTRPKAIWGFNG,0
GTQRCWNLYGKCRYRCSKKERVYVYCINNKMCCVKPKYQPKERWWPF,0
VYVDKVEKMQQALVQLQAACEKREQLEHRLRTRLERELESLR,0
DYHHGVRVL,0
GMASKAGAIAGKIAKVALKAL,0
AGVACDLRKDKPYYGYENFDFDVVIGSHGDVYDRMMCRFEEMRQSTKIIR,0
INEHRFLVALYTSRSRRFYCGGTLINQEWVLTAAHCDRKNIRIK,0
KVKEKYLYLFEPGL,0
RIWVIWRR,0
QEILSVTLDDVGNYTVNCQ,0
NLDQLLIVLATEPYFSEDLLG,0
GFSSIFRGVAKFASKGLGKDLARLGVNLVACKISKQC,0
KMVEEHDSIPED,0
IRALDGCFTGAQHNTWLPRE,0
QSINNPITCLTKGGVCWGPCTGGFRQIGTCGLPRVRCCKKK,0
ADFDLDIRMMRFE,0
RRWKIVVIRWRR,0
KLRDDAQ,0
VIAQCTVDYVGRLTAHLPSARRLLLFKADGSVSVHADDRAYKPLN,0
GFWGKLWEGVKNAI,0
QLRLVLIGAPGSGKGTQSTDLK,0
SVMGTVKDLLIGAGKSAAQSVLKSLSCKLSNDC,0
LLKELWTKIKGAGKAVLGKIKGLL,0
ILPIIGKILSTIF,0
GIFLDKLKNFAKGVAQSLLNKASCKLSGQC,0
ATVENTLFEDGDGANT,0
RLSRIVVIRVSR,0
GLLSRLRDFLSDRGRRLGEKIERIGQKIKDLSEFFQS,0
RLKELITTGGQKIGEKIRRIGQRIKDFFKNLQPREEKS,0
GICACRRRFCLNFEQFSGYCRVNGARYVRCCSRR,0
RRWWRRWRRW,0
RFIYMKGFGKPRFGKR,0
GLLSFLPKVIGVIGHLIHPPS,0
YDWSPAAG,0
QQCGRQAGNRRCANNLCCSQYGYCGRTNEYCCTSQGCQSQCRRCG,0
FAGVPRKMENALIRPINPRLDGCIRGWN,0
GEVGAYVVATTHYPELKLYGYNTAKTINASMEFDSK,0
SISCGETCTTFNCWIPNCKCNHHDKVCYWN,0
SRMLRQSSKINGHPPPILQKKTSMGRLMFPMDAKTYDPESHELIPH,0
KLDGADVDSYLTITAKGGTCVLTAI,0
CVLLSAL,0
GLNTLKKVFQGLHEAIKLINNHVQ,0
WKPFKKIEKAVRRVRDGVAKAGPAVAVVGQAT,0
NCIQQCVSKGAQGGYCTNEKCTCY,0
GFLDTLKNMALNAAKGAGGSVLKALFCKLFKTC,0
PPEDCVTTIVSMGFS,0
DKLGFGIYNVHNGFDPASIEQAVAVLDTHGVQADAQTL,0
LGAIGVVETTHPVNMAALQKFFV,0
KWKSFIKKLTSKFLHLAKKF,0
SEDRMKEAFGLLKTLSMMSNGIVIIGSGFAARQLVKNIRKQDA,0
AGEPKRRSRSNISGWWSSDDNLDGEGGAFRSGPASGLMTLGRQP,0
RRENGAVLHDPEVVARRVVRMAEEGTI,0
AMADVLKVTDQRKIPELNEYQCGTYHMHSLEEAQSIAKDILDRDVRIN,0
SVLGTVKDLLIGAGKSAAQSVLTTLSCKLSNSC,0
RFNFKLAVEAFTN,0
ACYCRIPACLAGERRYGTCFYLGRVWAFCC,0
QLKKCWNNYVQGHCRKICRVNEVPEALCENGRYCCLNIKELEAC,0
AVDLAKIANIANKVLSSLFGK,0
KWKSFKKKLTSKFLHSAKKF,0
PEMTPEYCQIVSERYIELYETIVGEQFIRA,0
FLPILASLAAKLGPKLFCLVTKKC,0
IKREHPEVLLFYRMGDFYELFY,0
QPDPES,0
PSTTTADVDIILSIPMFLR,0
GMSGYIQGIPDFLKGYLHGISAANKHKKGRL,0
GLWDSIKIAGKKLFVNVLDKIRCKVAGGC,0
GSNKGFNFMVDMINALSN,0
QFEVNLTRVHPDSSLVGRPGYSTTDGTLYSYMEGTKFHQAALDMAEIT,0
FFPLIAGLAANFLPQILCKIARKC,0
SGMNLKGDPL,0
ALHARAVQLPASGGDYVELAIDTDDALTSGCDGAAV,0
GLFSKFAGKGIKDLIFKGVKHIGKEVGMDVIRVGIDVAGCKIKGVC,0
IDWLKLGKMVIDAL,0
LGWLLLADLWAELEPKW,0
TKSSEGKDSGAAEGEKQEVGDGD,0
NNLVANGIVD,0
GLLDVVKGAAKNLLASALDKLKCKVTGC,0
DSILVKWASRVFFSELLEAGV,0
ANFEIVNNCPYTVWAAASPGGGRRLDRGQT,0
TQGLPRIQEIFEARNPKGEAVITEVKGNVVEIE,0
FLSLIPHAINAISAIANHF,0
WYRMNNHPDGPS,0
GGSNVLRE,0
VFIDILDKMENAIHKAAQAGIGLAKPIENMILPK,0
ILSRVGDGTQDNLSGCEK,0
LLEL,0
YAFGYPS,0
QSKATALYVNFGESYAFYEPEFLKNLQKETYGKWLETLQELKNYD,0
VCSCRLVFCRRTELRVGNCLIGGVSFTYCCTRVD,0
FVGAALKVLANVLPPVISWIKQ,0
RKFHEKHHSHRGYRSNYLYDN,0
GYGCPFNQYQCHSHCRGIRGYKGGYCTGRFKQTCKCY,0
EVIDETEMLRLLGSMKQEEAKLELD,0
MWGRILAFVAKYGTKAVQWAWKNKWFLLSLGEAVFDYIRSIWGG,0
LAPATRSGECLCLTDCVPLFHSHLA,0
ERDLE,0
LQNCKIVVRKPNKGQTCMVTAQGRSNVRESTGLVLHGCH,0
RTCASQSQRFKGKCVSDTNCENVCHNEGFPGGDCRGFRRRCFCTRNC,0
DKLIGSCVWGAVNYTSDCNGECLLRGYKGGHCGSFANVNCWCET,0
KSCCRSTLGRNCYNLCRVRGAQKLCANACRCKLTSGLKCPSSFPK,0
FWATLAKGALKLIPTIANAFSSKS,0
SYLWVRPSVSREQLQMISAEVDEIGKLV,0
KWKSFIKKLTSAAKKVVTTAKPLISS,0
LGYEIKYIGSIEGIERKIIEKEGIEYFPISSGKLRRYFDLKNFSDPFKV,0
GRCVCRKQLLCSYRERRIGDCKIRGVRFPFCCPR,0
GIMDTVKNAAKDLAGQLDKLKCRITGC,0
KWKSFIKKLTSKFLHSADKF,0
IQLAPMKTIVRGNKSCKETSINGLLE,0
GVLGTVKDLLIGAGKSAAQSTLKTLSCKISNDC,0
ITSISLCTPGCKTGVLMGCNLKTATCNCSVHVSK,0
FLIIRRPIVLGLL,0
YKKLNSAVFPGGQGGPLMHVIAGKAVALKEAMEPEFKTYQQQVAKNAK,0
SLLGTVKDLLIGAGKSAAQSVLKGLSGKLSKDC,0
GIIEGLTEFLPVSSTGH,0
VSGNVAARKGKQQTSSGKGGGTN,0
AKLRVQMRLEIRKLQQRLGVTSIYVTHDQVEAMTLGD,0
GFMNTAKNVAKNVAVTLLDNLKCKITGGC,0
QCRRLCYKQRCVTYCRGR,0
LPLQQANLIKEDKGNAKLWDDVLSSLQDGPYQIFLSKVKEAFQCIC,0
IHSFIHIFMICLVMENNEAPSPSGS,0
GIKDLLPVPPAVAEYSTGLSMGQTAEQMAKTYNISR,0
ESDTVTCRKMKGKCSFLLCPFFKRSSGTCYNGLAKCCRPFW,0
PKTQEFILNSPTVTSIKWWPGGLGKTSNHAI,0
GAPICGESCFTGKCYTVQCSCSWPVCTRN,0
RLKRMTPFWRGVSLRPVGASCRDNSECITMLCRKNRCFLRTASE,0
GMATKAGTALGKVAKAVIGAAL,0
SIFAFQDESPSAIAQAKLFK,0
DNGEAGRAAR,0
RGLRRLGRKIAHGVKKYGPTVLRIIRIAG,0
AGWDLLVVDEAHHLVWHPESASAEYRLVEQLAEVIPGVLL,0
RATEHQLLIYLRVATWNQILDPWVYILFRRSVLRRLHPRFSSQL,0
KSRLGGNAIL,0
RAERLRQL,0
AYVLRMNRAL,0
KKCRERGGQCHSGVCSWNEKFIGFCSFARPCC,0
GLWNSIKIAGKKLFVNVLDKIRCKVAGGCKTSPDVEYHK,0
LGTADMKGFFAFILDALRDVDVTKLA,0
LIVRDGEGATKFVTIRVVEAASEEAARKIASTIARSPLV,0
RWKLFKKIEKVGRNVRDGLIKAGPAIAVIGQAKSL,0
GPGKWLPWLQPAYDFVTGLAKGIGKEGNKNKWKNV,0
RQRDPQQQYEQCQKHCQRRETEPRHMQTCQQRCERRYEKEKRKQQ,0
LPSPFWQPLYSHPPGMHTYSQPYSARSRLSAIEI,0
FNRGGYNFGKSVRHVVDAIGSVAGIRGILKSIR,0
TGVAWRIT,0
HLLMGLAGGKLILSLEGGYNLRALAEGVSAS,0
IVIEGLEGAG,0
SEVTFIDDKERTMGEEQVQEFKLKEDCELR,0
VAIALKAAHYHTHKE,0
RRWRIVVIRVRR,0
PIEHGIVTNWDDMEKIWHHTFYNELRVAPEEHPVLL,0
GHVDHGKTKLLSVLQNIDINQTESGGITQHIG,0
ISSLKNRLKKVSTTTG,0
LKHYSGSIG,0
IMRRLFTSESVTEGHPDKICDQISDAVLDAIFAKDPNARVACETAVTTG,0
KTHYPTNAWKSLWKGFWESLRYTDGF,0
FLPIVTNLLSGLLGK,0
RPRCWIKIKFRCKSLKF,0
KPYCSCKWRCGIGEEEKGICHKFPIVTYVCCRRP,0
KLLEDDNKLLSQHSTSGELRTL,0
KWKSFIKKLASKFLHSAKKF,0
LYYMLSGSVELRHAHFVLWINDLSSKDPYYILPIIMGITMFLIQK,0
DSAIEVEAHEEERPSSRRQWEQQGELISPRQW,0
FFSLIPSLIGGLVFAIK,0
LSVMLQAYCDVTALFVVPPGAFRPPPKVDSAVVRLVPRDPA,0
GMMDCKKALEETNGDMELAIDNMRKS,0
CIKNGNGCQPNGSQGNCCSGYCHKQPGWVAGYCRRK,0
GIGSAILSAGKSALKGLAKGLAEHFAN,0
IASKFICTPGCAKTGSFNSYCC,0
TLHRLGIQAFEPILVEGRAIK,0
LFCKGGSCHFGGCPSHLIKVGSCFGFRSCCKWPWNA,0
ATEERVAKRHL,0
LRDLVCYCRSRGCKGRERMNGTCRKGHLLYTLCCR,0
DWTFANWSCLVCDDCSVNLTV,0
LDTDEYDI,0
GVIPCGESCVFIPCISAAIGCSCKNKVCYRN,0
SFLTSFKDMAIKVAKDAGVNILNTISCKIFKTC,0
RDNLTLWTSDQQDDDGGEGNNMRKGYIYVIENNFDNHVYIGSTVDS,0
AAVLVLIHAAVRRSDNLFLDEEAAAVTEASGLMSYPS,0
RVCESQSHGFKGACTGDHNCALVCRNEGFSGGNCRGFRRRCFCTLKC,0
GIDMIKVRSPITCKTRRGLCAKCYGRDLARERQVNVGESVGVIA,0
NKGCAICSIGAACLVDGPIPDFEIAGATGLFGLWG,0
MVALSVDELMPLAKEIDPNNNPSYGVLCGMSIM,0
KLALAPPI,0
KWKWKWKWKW,0
RGVRYVLNDVVKRTAGVNDIHPHKLR,0
YVPGCPPTAEALVYGVIQLQAKIRRTNTIARQMSIEG,0
SINTAAVNLLDKVGFELVLEVGKKVGLDNLKP,0
YDDFAELGSTETTGFSFQNVFQLAGVPKDFIASPRSPVQELNQKQENREN,0
QNAGFGLTDNEFDMVKVKA,0
NSMSDVEKASLPPAIFIMGP,0
VTGIDKQQVGQVAA,0
GLVSSIGRALGGLLADVVKSKEQPA,0
TTHSGKYYGNGVYCTKNKCTVDWAKATTCIAGMSIGGFLGGAIPGKC,0
ASIAQVHTARLKENGKEVVLK,0
GGTIFDCGETCFLGTCYTPGCSCGNYGFCYGTN,0
FIMDLLGKIF,0
FVIPLHSAMAADWLGSIVSINCGD,0
RGGRLCYCRPRFCVCVGR,0
TLYRRFLCKKMKGRCETACLSFEKKIGTCRADLTPLCCKEKKKH,0
PFFKGMFESTLGIPSSLPVIPSTMPNNILKTPSKHSTGL,0
SLWETIKNAGKGFIQNLDKIR,0
INSFDQWGVELGKILARPIEAELTGTAT,0
GLFSKFAGKGIVNFLIEGVE,0
ASGWVCTLTIECGTVICAC,0
YRHNDITFSITYTFYE,0
YRVQFRYPAAAAAAAVAAAQKRVVQARMNA,0
EGIGEGYTREDHPQWNDQMYAAYAEGVDLRGLVAIVGEEALSERDRLFL,0
LPNNLDFEGHKLGAEVFARDCLDFGWEDL,0
RSRSPPARRRSPGSDRSDRKSRSASPKKRSDKRARSESKSRSRSGGR,0
PHLVIPEIEAIATQTLVEMEAEGLN,0
RLARIVVIRWAR,0
VGLGETVTDRAGLLLQLANLPTPPESVPINMLVKVKGTPLA,0
TSFANAGQVSPGYASP,0
FGRYGICAHENKELANAREALPLIED,0
RRYHDWGAVDAKAGSLRRVVDLYMGKITFYEDRGFQGRHYEC,0
MQKRSHEGGTCAVYLLCFNTAKSRETVRNLMANMLNVREECLLMQPPK,0
TWWPLFRDVS,0
MGFIIGLTSAAILMMLR,0
FISAIASMLGKFL,0
KAEEEARRKLEEEARRVAEEAR,0
REPKRGKLSLSDKFRKEYYALGSLRESEESIGTHYEFLQPL,0
LRDLVCYCRARGCKGRERMNGTCSKGHLLYMLCC,0
RRWVIWRR,0
GGAGHVPEYFVGIGTPISFYG,0
VRNKQSEDLFNKLEILPRI,0
ATCRKPSMYFSGACFSDTNCQKACNREDWPNGKCLVGFKCECQRPC,0
RWKVFKKIEKVGRNIRDGVIKAAPAIEVLGQAKAL,0
MIASKFGLGQQVRHQLYGFLGVIVDVDPEYSL,0
PLAKIWHEINCRVQET,0
RVCYAIPLPICY,0
MFDPKSKKKYIIEYLDFADEKICAF,0
RLKLLLRLK,0
GLMSTLKDFGKTAAKEIAQSLLSTASCKLAKTC,0
EEILMKTKSSLYLKSTE,0
GLMSTLKGAATNVAVTLLNKLQCKLTGTC,0
ILPILGNLLNSLL,0
ATAWDFGPHGLLPIRPIRIRPLCGKDKS,0
HIDREGCGKGKLEDGDGINLNDIEKVLPAWQGYHPMPHEV,0
AHSVNGAEQIGELVYPLIQVIVGIFKLCNAPTFLPLRLHCCQLLIQLQA,0
KVIPFSAENRF,0
RLKLLLLRLK,0
VLFNSGEFDGL,0
ATCDLASKWNWNHTLCAAHCIARRYRGGYCNSKAVCVCR,0
INDVADADRIYIVAAGTSYHAG,0
VDNPRKNVIIPE,0
WRNRFGLGGFKPVSIGSNAYKQASMLLALYAGAD,0
GVVDTNSDPDGVDYVIPGNDDAIRAIQVYAKA,0
ESQPYEYRDSVLPPSVSARVAV,0
INWLKLGKMVIDAL,0
FAGNSISSSYLHDLI,0
PGVTFSDLLVINKTDL,0
LHKKLFQIDYLSTLSNKIIVSLLYH,0
GKIPVKAIKQAGKVIGKGLRAINIAGTTHDVVSFFRPKKKKH,0
NFLDTLINLAKKFI,0
INWKKIASIGKEVL,0
RFRPPIRRPPIRPPFRPPFRPPVRPPIRPPFRPPFRPPIGPFP,0
HDIGGF,0
KERKRDHSNNDREVPPDLTKRRKEENGTM,0
GVFTFEDESTSTVAPAKLYK,0
AATNRPNSV,0
GFLSTVKNLATNVAGTVLDTIRCKVTGGCRP,0
FLPKLFAKITKKNMAHIR,0
TDLGKVTMIKTADLKVILGKFYRDDDRDEK,0
QLKSTCRIAEAWKGAKECNAKCAALGTTRGGVCQKFLGDLYCCCWD,0
DKLIGSCVWLAVNYTSNCNAECKRRGYKGGHCGSFLNVNCWCET,0
QAGHNVKPVLLGPLSYLYLGKEIEDGFDRLTLLPRLL,0
AIFKMIKPEDVKLLPDDENTPEKRAEKIWAFFGK,0
KCWNLRGSCREKCIKNEKLYIFCTSGKLCCLKPKFQPNMLQR,0
ITTGSLLIFGSGLE,0
TNYGNGVGVPDAIMAGIIKLIFIFNIRQGYNFGKKAT,0
FLGSLLGLVGKIVPTLICKISKKC,0
NLGRYTGGQTHFYPGFTALNMIDVTKFSKEFSKHITMDLSMEAVMRARG,0
FISAPIKCFADSAPNLMWGLLHGESERVDSEENIETCMRY,0
KEKLKLKCKAPKCYNDKLACT,0
LFLTVV,0
GGINLEDIKAPDCF,0
IIGVSEMERCHKKGGYCYFYCFSSHKKIGSCFPEWPRCCKNIK,0
ARIQESTNDILKPITCNTNADCAKFCKGPIHNCVYHTCQCVPGNPHCC,0
VNALQFEASVMDGPVINSRAGLYIYINAMLV,0
TGTPFEALVRQKVPAKP,0
YVADVRAPTPSAGAE,0
ESGINLQGDATLANN,0
GTPGFQTPDARVISRFGFN,0
KRLQV,0
VATYTNSSQPFRLGERSFSRQYAHIYATRLIQMRPFLE,0
ACVVPSECERYCGTRVGCTNIAFPTLVVELMPNGLRGLMLSVMMASLMSS,0
KIGLEDVDVTNLAPKEKKHLMEMILKFVEEDNEKFLRRLRER,0
AILTTLANWARKFL,0
KTCENLADTFRGPCFATSNCDDHCKNKEHLLSGRCRDDFRCWCTRNC,0
KAIAFADRLR,0
SGIKELKAAKVGDTITTMDRKATEALPGFK,0
GDPTFCGETCRVIPVCTYSAALGCTCDDRSDGLCKRN,0
YSRCQLQGFNCVVRSYGLPTIPCCRGLTCRSYFPGSTYGRCQRF,0
MLGSSIGISIAYNDTQIEKCIEEA,0
EKCLRWQWRMRKYGG,0
EPILGIITSLLKSL,0
RDCESDSHKFHGACFSDTNCANVCQTEGFTAGKCVGVQRHCHCTKDC,0
YSDEQVE,0
INTWNTTATSTSIIISETFGNKGKVCTYTVECVNNCRG,0
MHLTEGKDGRLQTFKVIFALVITLCFVVGTYWVMQGG,0
ATCDILSFQSQWVTPNHAGCALHCVIKGYKGGQCKITVCHCRR,0
QPKYLQ,0
YFYIMKNFFYKGNKKIQQRMLNYGMEWAATHGKVR,0
SGKRWWRRKK,0
NERIHELDKRLILMETVKEKNLLLEEKITTLQQENEDL,0
ARVGNEGSAV,0
KDGIPAKVERIEYDPNRTANIALVLYADGERQYIIATKGMAVGDQLMN,0
FLPMLAGLAANFLPELFCKITKKC,0
FLPAIVGAAGKFLPKIFCAISKKC,0
RGNAPVEKTPHLER,0
LSCKRGTCHFGRCPSHLIKGSCSGG,0
ETKKFKNPRNAAS,0
QGNRVTPSFVAFTPEER,0
KYYGNGVSCNKKGCSVDWGKAIGIIGNNSAANLATGGAAGWSK,0
YRVDSDATHSPMFHQVEGL,0
QLTTDD,0
NAVMGQGPLQFYDKVPTKFAGYGEAAFKAGGYRVV,0
GRVVVYTGTHDNDTTLGWYRTATPHEKAFMARYLADWGIT,0
GICRCLCRRGVCRCICVL,0
GLVTGLLKTAGKLLGDLFGSLTG,0
FLPPSPWKETFRTT,0
AVLDQWAEQALGAAEASEEASDVLRTAVNSLLGVRLMQSWPM,0
QGVRNRLSCHRNKGVCVPSRCPRHMRQIGTCRGPPVKCCRKK,0
MVKAVAVLTGSEGVQGTVFFAQEGEGPTTITGSLSGLKPGLH,0
GRITKEDIDAYLNGGSSEEGSNTSAASESTSSDVVNASATQALPEGDFPE,0
KIKELQARTEELEEEIEAERASRAKAEKQRSDLS,0
SEHFALDVIVGPDETKHAELIVVKELDREIHSFFDLVLTAYDN,0
IRFLNNFESVLALSLHYGILVLALPIFILLYKAKKQPCSILLKVTTE,0
GICLVDFHHKRGPEIEYWYGLPEGTQSAELWP,0
DLERAALYAE,0
ALWLAIRKR,0
MSAFVRVVPRISRSSVLTRSLRLQLRCYASYPEHTIIGMPALSPTMT,0
SNSKYPFLGSLRSAAQMISYEVSIGLIIIGVILSTGSM,0
LAAGVRVSIFTLVGMRLRRVIPNRVVN,0
KAVTEQVDQMKFNTAIAQLMVFVNAANKEDKLF,0
GLFSKFSGKGIKNFLIKGVKHIGKEVGMDVIRTGIDVAGCKIKGEC,0
GIFTKINKKKAKTGVFNIIKTIGKEAGMDVIRAGIDTISCKIKGEC,0
GRKSDCFRKSGFCAFLKCPSLTLISGKCSRFYLCCKRIWG,0
AYEGHYLALKYLIPVTSKHAIQKS,0
AEVSEKESVNKAFENNK,0
RDWERREFERRQNELRREQEQRREELL,0
LTVRAAQSFGRCNQKQCDADCVKKGYFGGLCTLTSCFCTGSRS,0
TPCGESCVYIPCISGVIGCSCTDKVCYLN,0
RFRLEQAAPAFEDLVYGWNRHDVASVEGDPVIMKSDGF,0
SMRREKFVPFGGPDGGDGGRGGSVYAVADRNINTLIDYR,0
FEDGTLNLAANCLDRHLAERGDQTAIIWEGDDPNQSKTVTYK,0
ELIYKRNERMGKRVMALLRENEDKICFFAFGAGHFLGNNTVIDILRQA,0
TFTKLENSSDQAVVAEEVKILTKLLNESTRQLIGDDAFAKIQDLID,0
LVYLTAVFNLKSITAATIINAFSGTINFGTFVAAFLCDT,0
SKKSPSSESEADNVDAQPQSTVRPEEIPPIPENRFLMRKSPPKADDKE,0
KDSYTLLHMLDTLRRRAPVRYEVVAINID,0
INWLKLGKAIIDAL,0
GLWNTKLEAGLLFAMGKLDLKRCLKAGGC,0
SSQTLSKYIDKATDQFNLEPNLALNIEIADLINEKKGNTPREAAL,0
SEVKEHLPQHSVSSQEEEISSSIDSLFIT,0
KLLKWLLK,0
TPGDDYAAMNQVLRRRYGKAIEESKIPDVIL,0
FKARRWQWRMKKLGA,0
AWLLAIRKR,0
LHKPTQDPFVCKYCNKQFTTLNRLDRHEQ,0
ASIEYDPNRS,0
GVFTLIKGATQLIGKTLGKELGKTGLELMACKITEQC,0
GLWSKIKETGKEAAKAAGKAALNKIAEAV,0
GIFSKISGKAIKNLFIKGAKNVGKEVGIDVVRTGMDVVGCKIKGEC,0
AIHRALISKRMEGHCEAECLTFEVKIGGCRAELAPFCCKNRKKH,0
GVGDIFRKIVSTIKNVV,0
VKKYDENQEQDDACDKSRTDP,0
DEKGPKWKR,0
KWLKKLLKKLL,0
PSAAHYVFSKHGWSLWQEITISSKFRGKYISIMPLGAIHLEFQ,0
RYCERSSGTWSGVCGNTDKCSSQCQRLEGAAHGSCNYVFPAHKCICYYPC,0
LAEDILKLSDLNIKPILERNDYIHLTICTDVFHITCAPGVSAPQT,0
ILGKILKGIKKLF,0
PAGNSLAGIAVLEQ,0
YAAIPLGAAIGALTSGQLAHSVRPGLIMLVSTVGSFLAVGLFAIMPV,0
VPGSGPVKAQA,0
GLRSKIKEAAKTAGKMALGFVNDMA,0
VLPIIGNLLNSLL,0
ACHAHCQSVGRRGGYCGNFRMTCYCY,0
FTMKKSLLFIFFLGTISLSLC,0
ALQMNELLVVEYYSRKMSRYRGAVIKIIRRLGELPG,0
YPGPQAKEDSEGPSQGPASREK,0
LYNLTEAIQYFYEKYKHFKNWRLICGLSFNN,0
SLSRFLSFLKIVYPPAF,0
SLAWACAEQLAKKIQAYTLFATHYFELTKLPENI,0
AVKQVEEMLAMANVSVYNIEGKEVGSIE,0
GWKSVFRKAKKVGKTVGGLALDHYLG,0
RPETLA,0
GLLSGILGAGKHIVCGLSGPCQSLNRKSSDVEYHLAKC,0
DIGGSRQGCVA,0
SDPAADGLAAPEKPGATEPDLPILCIGEVSVPGSGGSRPQ,0
SFLSTFKELAINAAKNAGQSLLHTLSCKLDKTC,0
GIINMLQKSYCKIRKGRCALLGCLPKEEQIGSCSVSGRKCCRKKK,0
VQDNRCMDRRFLPGKSKQLIALASFPGAGNTWARHLIELATGF,0
DATTVLNRALASKGIYPAVDPLDSTSTMLQPAVVGDE,0
VNVEALQKVVDES,0
IIEGKLFPMKALGYFAVVTGKGNSSESIEAIREYEEEFFQNSKLLKTSML,0
PPCPSCLSCPWCPRCLRCPMCKCNPK,0
SFAAQTSSLQKGESYKDTLLTLEA,0
KWCFRVCYRGICYRKCR,0
VHADFENVKKR,0
GFWGSLWEGVKSVV,0
LVATTLFGVIVFHEWSTTISV,0
DITGETLGMSEVNGHALIRLSARTGEGVDVLRNH,0
GILDIAKKLVGGIRNVLGI,0
KTCEHLADTYRGVCFTNASCDDHCKNKAHLISGTCHNWKCFCTQNC,0
APRRQLKW,0
FLPLLAGLAANFLPKLFCKITRKC,0
ELQALREQFDASIRELEARFNDKVEKVQRGDDLP,0
RVCSAIPLPICH,0
ARMVGGGFAGSAIAIVKKSEAENFKKNVGKIYRDKIGYD,0
FIGAILPAIAGLVGGLINR,0
FLALGQDPAQNVESSNCITLMKEVDGD,0
GRFRRLRKKTRKRLKKIGKV,0
FTMKKSPLLLFFLGTISLSLC,0
DKLIGSCVWGAVNYTSNCNAECKRRGYKGGHCGSFANVNCWCER,0
FLPVIAGLAAKVLPKLFCAITKKC,0
TTSLSEEMLDLRGAERCQKGGCVPGRPMGPPRRRCLPAA,0
MFFSSKKCKTVSKTFRGPCVRNA,0
GRTVTSLEEALSAVEETGFPAIIRPSFTLGGTGGG,0
GRAIHKGLAA,0
FTMKKSLLLIFFLGTISLSLCEQER,0
RFKDIGTCEKCGVAITHSKVRRFRM,0
GLLGAMFKVASKVLPHVVPAITEHF,0
TSRCYIGYRRKVVCS,0
KRKCPKTPFDNTPGAWFAHLILGC,0
GRVHFTPANLCSKLHRAIEHEATRRTLSTLFADPAR,0
VVEAHRLDGLVCIPNCDKITPGMM,0
RCVCTRGFCRCVCTRGFC,0
RISFKKGKGSWIKNGLIKGIKGLGKEISLDVIRTGIDIAGCKIKGEC,0
SYVGDCGSNGGSCVSSYCPYGNRLNYFCPLGRTCCRRSY,0
LLQHDLRQPLVLLSPQATRGGTEI,0
LPSMADQLLRKKRRIFIHSVGAGTINALLDCLLEDEVISQEDMNKVRDE,0
AVVNGVNYVGETTAA,0
IAEQVASFQEEK,0
DDPAALIPLNTLNKEQVIIGHNVAYDRARVLEEYN,0
VGECVRGRCPSGMCCSQFGYCGKGPKYCGR,0
DYKLALKAIEGGADKIRINPGNI,0
FPSFSVGETRPMRGPGRREIGHGALGERALEPVIPSEKDFP,0
TKKVSKKVPSQKPSPVPSPS,0
AICKKPSKFFKGACGRDADCEKACDQENWPGGVCVPFLRCECQRSC,0
QPWLPFR,0
DEELNRPLIGVANPMNAVIPGHVHLNNIAEAVQKGIYLAGGTPAIFGG,0
FTCAISCDIKVNGKPCKGSGEKKCSGGWSCKFNVCVKV,0
NYQHSPLGFSHFGG,0
LVMGTRSGDIDPSI,0
LFVKCDKIFGTKTKSGRIIANSNNFSEYLLEEAKVAVVPGIAFGLDGYF,0
GFWKKVGSAAWGGVKAAAKGAAVGGLNALAKHIQ,0
KWKSFINKLTSKFLHSAKKF,0
LLMRYVSERGKIVPSR,0
ASREKLEQSKMSKFVFVTGGVVSSIGKGIVAASLGRLLKSRG,0
VIVFVASVAAEMMQHVYCAASKKC,0
VLIRS,0
RFEEAKKFGITEFV,0
AAQFQGGELALSAFLVLVFLWLHSLRRLFECLYVSVFSNVMIHVVQYCFG,0
AGQSGFKGSRKSTPFAAQ,0
LARRYFSSQLV,0
INMKASAAVAKKLL,0
STVCIGQAASMG,0
SHQDCYEALHKCMASHSKPFSCSMKFHMCLQQQ,0
VGEDVENIVQK,0
GNGVIKTISHECHMNTWQFIFTCCS,0
GKREKCLRRNGFCAFLKCPTLSVISGTCSRFQVCC,0
FKKND,0
ASAPT,0
LAVKDMAGTLKPTAAKQLISALRRKFPSLPIHVHTHDSAGTGVASMVAC,0
LLPGLDDRIYNMNDKQ,0
AKKVFKRLEKLFSKIFNFK,0
GWLKKIGKKIERVGQHTRDATIQTIAVAQQAANVAATAR,0
FVAEGSSKQNIMHEIFDL,0
GIGCGESCVWIPCVSAAIGCSCSNKICYRN,0
SPLSL,0
GLLDTLKNMAINAAKDAGVSVLNTLSCKLSKTC,0
GGGVIQTISHECRMNSWQFLFTCCS,0
ENCGRQAG,0
AHCLAIGRK,0
ADKLNQDLQVRKYIQNAL,0
QIRTMKAQQPPIRIIAPGRVYRNDYDQTHT,0
GVYDIHSPNVPSVEWIEALLRKAAQRIPAERLWVNPDCGLKTRGWPE,0
GLLSGILGAGKNIVCGLSGLC,0
IEPLIVKTIRSF,0
GLLKPLLKIAAKVGSNLL,0
PKRGLMLARMVGHITYLSDDSMGEKFGRGLKSEKLNY,0
PAQPFRIKKRQGPFERP,0
LRDLVCYCRTRGCKRREHMNGTCRKGHLMYTLCCR,0
VEKAGIQDVLTKSWGSSNPVNIVKATLDALEQLETPILAAKKRGISLN,0
FLPIIAGMAAKVICAITKKC,0
RFIPPILRPPVRPPFRPPFRPPFRPPPIIRFFGG,0
GILSTIKDFAIKAGKGAAKGLLEMASCKLSGQC,0
RSNKGFNFMVDMIQALSK,0
RRMAELHVEAGWMPSN,0
FLSKLLFFLSNSLPFFCVSFGNIPIHR,0
NNDKLNTISNFVTNKLTEFNQNLQDDIVSFVQSEQEEIFINKLLNTMNN,0
CAAPAPRAEDL,0
RVCMAIPLPLCH,0
EGPVGLADPDGPASAPLGAP,0
TDGVGTKLRLAMDLKRHDTIGIDLVAM,0
SIGFDGLNDPDIVAR,0
LRANELVELLNKNGYNASIKENCNSTSNIVVVNSTPN,0
KRNWFSDPVPFATGENSHLGPQRNLR,0
TTPVCAVAATAAASSAACGWVGGGIFTGVTVVVSLKHC,0
YNDEEMKEIVLRSSRIL,0
RFQACRFGLAGEYVDPATGN,0
PLLERATRDGLDWRALADREIDLFREDMTALRM,0
GNGVLKTISHECNMNTWQFLFTCC,0
IDWKKIFEKVKNLV,0
QCMQLETSGQMRRCVSQCDKRFEEDIDWSKYDNQE,0
WSRYYHVDAPTCDEPV,0
GLISGILGVGKKLVCGLSGLC,0
NSTDYLYPEQLKMTVVKLISHRECQ,0
GLLDFAKHVIGIASKLG,0
LTTQMRELGHVS,0
FPDDIAEQLGMNPSKNQVRLYDGRTGEMFERRVTLGYMHYLKLHHLV,0
RILSILRHQNLLKELQDLALQGAK,0
LFDASDSSSYKHNGTELTLRYSTGTVSGFLSQDII,0
STLLQEGEDKGKTVIPRNTSPIRFKPPRRWMSARPEPITLYVD,0
EMHKVGLPDQTQIEMRKMLNQKESNYIRLKRAKMDKSMFV,0
RAEAVPPGFTPFRKP,0
HGAGAASS,0
KGIGSALKKGGKIIKGGLGALGAIGTGQQVYEHVQNRQ,0
NTLLSHFLGLVCSLELLRSVTVPNSESVVVPKVAMES,0
YALHHPQMSPKEEVLAIGVAAVSSFLKKKAAE,0
VIPFVASVAAEMMPHVYCAASRKC,0
KWKLFKKIEKVGQGIGAVLKVLTTGL,0
KISTDC,0
DREGTLFIEESDNNNVWTTTA,0
LYHEKYKVVEL,0
SIGSAFKKALPVAKKIGKAALPIAKAALP,0
LRRRSTRRRINKRGGK,0
AMGARNSVLRGKKADELEKVRLRPNGKKRYRLKHV,0
KKKKQSWYAAAGDAIVSFGEGFLNAW,0
GCTQWINNIHGRICVRN,0
VQLRIRVRVIRK,0
SQEIYRALKSEGLIETRSIEQFYDPVKGMFLADRYIKGECPRCH,0
VKILGTQVEDLDRA,0
AAAQAKAKKAAAMPTEESEAKPAEEGDVVGASEPDAKAPEEPPAEAPENM,0
EQERGITITSAATTTFWQGQDGKKRRFNIIDTPGHVDFTIEVER,0
RSRMICTGGKKLEHSINKKLTSPKKSLLDSPHDTSPVKETIARDKDGSV,0
YFKAIGVLLATCIIGFYVLTQLLSILANWWISIWTNSYGGNGNGSGS,0
KNLRRIIRKIIHIIKKYG,0
ATCDLFSFRSKWVTPNHAGCAAHCIFLGNRGGRCVGTVCHCRK,0
HEDFTRGIILGDTEVNQVLRKVSPGFP,0
EVLFEAMPRVRSELVRCLDMFHPSL,0
LGVAHLVHSGEAWMSLPGEGGHVDFA,0
PTEITRR,0
QQCGRQASGRLCGNRLCCSQWGYCGSTASYCGAGCQSQCRS,0
DVVKEVDVENKKIIITPMEGLLDMRVEVGQIVNTHGIKGEI,0
GKLSLNDASLFYEPESSTALGFGFR,0
VALQALTQRGIPCYFIHGNRDF,0
VVEELSYVEMIEIRNLSQRFEGPRGWIEALHNVNLTIP,0
FDIIKKVASVVG,0
GLFTLIKGAYKLDAPTVACN,0
QESKKGILLKPKTCNTNADCAKFCKGPIQNCLYHTCACVPGNPHCC,0
VHKFEHWLNQLKVAPLITKIRNYADEIREYQLEKLFNQMPYLNEK,0
GSKKPVPIIYCNRRTGKCQR,0
GWMSKIASGIGTFLSGVQQG,0
VELAWRLDVAGHYGPPRRWLVVTGTNGKT,0
FTSVPDAWGIEQVFPIIPIHRLDEKPSVRGILSDL,0
GLFSILKGVGKIALKGLAKNMGKMGLDLVSCKISKEC,0
MQIITEPCQMQAVVEKLRLNRQLIGVVMTMGALHEGH,0
KLFAPI,0
VGRPLPNRKQ,0
DVTKLSVVRATAEVTDADIDQMIENLRLQRRTWNPVERGAQ,0
RHLQYFIAVAEELHFGKAARRLNMTQPPLSQQIK,0
EACSKTKWAMGVGSQRRE,0
FFDHDKGK,0
GFSSLFKAGAKYLLKSVGKAGAQQLACKAANNCA,0
PLLKVLFLLCGFSIMAALCFLGMGPWGEPELLVWRPEAV,0
GRSKKLGKKIEKAGKRVFNAAQKGLPVAAGVQAL,0
AHDGNPLEECFREDDEEFFLEIAKNGLTATSNPKRVVIV,0
KTCENLANTYRGPCFTTGSCDDHCKNKEHLRSGRCRDDFRCWCTRNC,0
LVQQEKATDKVSHVSTGGGEMLSRKIGIDHILKHIENK,0
TVVTNA,0
QSISCAESCVWIPCATSLIGCSCVNSRCIYSK,0
DLRHSDGKWEKVSSFVRNLNYTVGGLIKD,0
QCVGTITLDQSDDLFDLNCNELQSVR,0
WKKIASIGKEVLKAL,0
GTIPCGESCVFIPCLTSALGCSCKSKVCYKN,0
HFLGTLVNLAKKIL,0
ATKVKAKQRGKEKVSSGRPGQHN,0
NSNHAAPSSNASPPEGFASHSLQTSDVVIHRKENEGF,0
ESRNFGVFLQQHVINGRFNGFSNRIAIFTS,0
LAELYPQHISELQSRTKEALSREGIDGLIIHSG,0
LGMRKLKEDMEGVVKELEENNHILERFGALTIDG,0
ASSGWVCTLTIECGTVICACR,0
GNPKVAHCASQIGRSTAWGAVSGA,0
QQAQVKEAVVAVIEEANG,0
GVFLDALKKFAKGGMNAVLNPK,0
MGALIKTGAKIIGSGAAGGLGTYIGHKILGK,0
GLFLDTLKGLAGKLLQGLKCIKAGCKP,0
AGSSLKTGAKKIILYIPQNYQYDTEQGNGLQDLVKAAEELGIEVQ,0
INLKAIAALAKKLLG,0
KWKLFKKIGIGAVLKVLT,0
FLPLLAGVVANFLPQIICKIARKC,0
ALWKTLLKGAGKVFGHVAKQFLGSQGQPES,0
NLWVKCPETG,0
PDQDTLKAMMQDAGFESVDYYNLTAGVVALHRGYKFMVEDSQETT,0
KERREKRDKDHYRPKQ,0
SEPYDHNNAILEIHPGSGGTEAQDWGDMLLRMYTRYGNA,0
MSGNDYYEILEVSR,0
YEKYPGEFRAGGLVNCGSCLSNCHITGAAIKIANIFAKVPLRGNYAEVAD,0
GLLSGVLGVGKKIVCGLSGLC,0
RQRDPQQQYEQCQKHCQRRETEPRHMQTCQQRCERRYEKEKRKQQKR,0
GLLDTFKNLAINAAESAGVSVLNSLSCKLSKTC,0
DVSTGELLT,0
TNFEELESSHFCPCVRLRAQTYELQESNVRLKLTIVNTVGF,0
PTALRPC,0
GINSLSSEMHKKCYKNGICRLECYESEMLVAYCMFQLECCVKGNPAP,0
LRDLVCYCRKRGCKGRERMNGTCRKGHLLYTMCCR,0
GGYKQSGVGRENGI,0
GGGCGIGGGCGPIGDCGPIGGGCGPIGGGCGPVGGW,0
VTMCMRCQEPFNSITKRR,0
SWTNRKVVDFFVRFAEVVFERYKHKVKYWMTFNEIN,0
FNVNADTFAGAVAGALKAKRLLLLTDVPG,0
AVQPLLLGRIIASYDPDNKEERSIAIYLGIGLCLLFIVRTLLLH,0
VRCADRHNLMYSTFRTFVFRETEFIAVTAYQNEKVTELKIENNPFAKG,0
KWKWKW,0
KCRFM,0
MYMTSESFVQDFVS,0
TEIARGTADDVERALDAAHEAAPGWGRTSVTERSDILLKIAD,0
IVLAKLGDMYGRRIGLIVVVVIYTIGIIIQIASINKWYQYFIGRIIS,0
GIMDSVKNVAKNIAGQLLDKLKCKITGC,0
SETVSSDYENSSSRHISRRKPIG,0
KSTCKAESNTFPGLCITKPPCRKACLSEKFTDGKCSKILRRCICYKPC,0
LGPGGRLAVISFHSLEDRMVKQCIAAAARPAAAHARLPLRESE,0
RKCLRWQWAMRKYGG,0
GLISAEPTAAELAKITEYLPLVQDRLKLLSEAPE,0
ERQRKDMTIAVCPGSYDPVTAGHLDVIERSARFFDEVHVVVAVN,0
NWYVKKCLNDVGICKKKCKPEELHVKNGRAMCGKQRDCCVPAD,0
QPFSLERW,0
FKCRRWQWRAKKLGA,0
ITSHSLCTPGCAKTGSFNSFCC,0
ESEVLTPADEVFHLNKSDYTVPFVCGCRDLGEAAR,0
VTCDLLSFEAKGFAANHSICAAHCLVIGRKGGACQNGVCVCRN,0
KWLKKWL,0
LKRKEIDGIKLESMG,0
VLNMGIGEAV,0
GAKQDIQLINTNGSWHINRTALNCNASLDTGWRNLGKVIDTLT,0
FLPLIASLAANFVPKIFCKITKKC,0
EGDYQALKEEIKKIMKQPGYDDGSAGPVLVRLAWHASGN,0
ANKCIIDCMKVKTTCGDECKGAGFKTGGCALPPDIMKCCHNC,0
DSGNTSSESRDDSTKEDSNMKVQITNSRTEEILKVQANNENDEVSKATPG,0
IGGSDLGPKMVVRALQPYHCTDLKVHFVSNVDADSLLQALHVVDPET,0
DYDWSLRGPPKCATYGQKCRTWSPPNCCWNLRCKAFRCRPR,0
IGGQPVEQPFIIIGQV,0
ITSFSLCTPGCAKTGSFNSYCC,0
IDMKGEPTRDDRRSRVQPRQVYCFAAAGRRGWDGDWRTAAEGGLL,0
GNRPVYIPPPRPPHPRL,0
TATARSSTVSPSPSTLVGHELTHGSDR,0
MMYSVTDVSGLNRISRVVLANAAHSVAGMVLNKV,0
TTPLCVGVIIGLTTSIKICK,0
GILKKFMLHRGTKVYKMRTLSKRSH,0
LDEPNMDTISKSREYKCKIDLDCSNHIACRHCSYRNCKCDHGTCKCMP,0
RFNTAVAKLIELNNL,0
GLLDTIKNMALNAAKSAGVSVLNTLSCKLSKTC,0
DHYNCVRSGGQCLYSACPIYTRIQGTCYHGKAKCCK,0
SIIHSMEAIVGYSPNKSQNMLLMGGLTKHVPITKTAFL,0
DHYNCVKGGGQCLYSACPIYTKVQGTCYGGKAKCCK,0
TVNDYLAKRDAMWMGPIYLALGLRVAVINTQNKSYEVVWK,0
VVIDDEPVKTLKLDGDSKRKTVKLNLNKSQSAQGYHN,0
RRCICTTRTCRFPYRRLGTCIFQNRVYTFCC,0
EAQSEAQ,0
FFPIVGKRLYGLL,0
TTTTQAVQGRSVTQQDRDLRVDLGFRGMP,0
KPLDDTLILEMA,0
AFGDNDLTYT,0
SNVPTVTIAKEEIGLPILDVMASTKIIPSK,0
CAETCVVLPCFIVPGCSCKSSVCYFN,0
RWKRWWRRKK,0
SIGEQQMVEIAKALSFESKVIIMDE,0
TYYSGKKEPFGYMGMVW,0
LIINTETGKKLSKR,0
KDYVDVFVFAVLGVASFLALWFVIER,0
RCTYNIGSMKSGCACICTYYMAVIDDFEKLDIRTGTIVKAEEFPEARV,0
VVVKVLRPDIEHQISDDIALLKSLATLVEHTHPNADKIRPCE,0
SPYRFFSAQEWAAFRADTPLTLTYEEVKRLRS,0
WNDTGKDADGAEY,0
LLKWLKKWLKK,0
KINWGNVGGSCVGGAVIGGALGGLGGAGGGCITGAIGSIWDQW,0
VHPVYRSVVRAIVKNQGIEV,0
SSPTYPEEETVQVNLPVSLEDLFVGKKKSFKIGRKGPH,0
QTLRYCVKDPSSLHLLRLFLHEYYSWNTLITPQKSI,0
GLVDVLGKVGGLIKKLLP,0
NYPLSILAADKKTDLLTFFQSEDELTADIFYT,0
SPIHACRYQRGVCIPGPCRWPYYRVGSCGSGLKSCCVRNRWA,0
QEEQDRLLALQLQKEADKEKMVPNRQKGSPDQYQ,0
PFPTSLENPA,0
LIKIVPAMICAVTKKC,0
ALWKTMLKKLGTVALHAGKAALGAAADTISQGA,0
TIQFQFSLSSDGPTEHANGPRVGRRSSRKMPASPSGTPAPAARDLAA,0
FTLKKSLLVLFFLGTISLSLCQEERAADEEDNGEVEE,0
GGDPLMTRIVGTGCALSAVVAASCALPGAALDNVASACCWMKLAGQ,0
RRDPLGVVASIAPWNYPLMMAAWKLAPALA,0
RPTGLAREQAAQEEVDIRLHSIIYKVIEEVETAMRGMLDPEFKEEIIG,0
NPIIYCCLNKRF,0
TVTITDVGPNSLAGVPAEASEPSVSQSPVS,0
RRSRKNGIGYAIGYAFGAVERAVLGGSRDYNK,0
KTNVNFITTQVTEPRNDLNDVPKSEHNM,0
LSVACFYGGTPYGGQFERMRNGIDILVGTPGRIKDHIQNGKLDLTKLKH,0
GVLDTFKDVAIGVAKGAGTGVLKALLCKLDKSC,0
QRQQQPCCQALYDFEPENPGEL,0
KQQLATEAESAGPIL,0
FLSGIVGMLGKLFGK,0
GPIQISYNYNYGPCGRYCGILGVSPGDNLDCGNQR,0
GLWSKIKEAAKTAGLMAMGFVNDMV,0
GCLEFWWKCNPNDDKCCRPKLKCSKLFKLCNFSF,0
FPMKKSLLLIFFLGTINLSFCEEERNAEEEKRDGDDEMDVEVQKR,0
QAFKTFTPDWNKIRNDAKRMQDNLEQMKKRFNLNL,0
GIGTKIIGGLKTAVKGALKELASTYVN,0
IRELMASENWEAYFAECDRDSVYPERFVKALADMGIDSLLIPEEH,0
GATAIKQVKKLFKKWGW,0
QRFIHPTYRPPPQPRRPVIMRA,0
SAIWFWMTPQSPK,0
WQANNFYYDFQKSISFWRWGGEDIKIFGSGVL,0
DPAESSRRFRIILS,0
DRQTGKSAIAIDTI,0
RVEDWGRRQLAYMIEKLAK,0
GTACGESCYVLPCFTVGCTCTSSQCFKN,0
RVKRVWPLVIRTVIAGYNLYRAIKKK,0
FINLLDKVEDALHTGAQAGFKLIRPVERGATPKKSEKPEK,0
FLPAVLLVATHVLPTVFCAITRKC,0
GATSIPLDVAP,0
VKDTFFKLLKHPTIASKHYLYDQYDQQ,0
GGYYCPFFQDKCHRHCRSFGRKAGYCGGFLKKTCICV,0
DCTRWIIGINGRICRD,0
DQVLHTNDLVSSDNCYFV,0
RQAKQDMNESRRQIQSLTCEVDG,0
RVKRFWPLVPVAINTVAAGINLYKAIRRK,0
GIINTLQKYYCRVRGGRCAVLTCLPKEEQIGKCSTRGRKCCRRKK,0
CYGSETIDMDPTRPKAIWGFNGTERPGAV,0
SLSVRHDGVEYEGTGTSKDIIEASALAWLDVANRLL,0
RGATVG,0
GLFSKFAGKGIKNLIFKGVKHIGKEVGMDVIRTGIDVAGCKIKGEC,0
VVLGSLFVAEVSSVVLQILTFRTTGRRVFRMAPFHHHFELAGWAETT,0
VLSHNNESSYSDTSSCTSQ,0
SVFNVVNSSIGLIMVLSFLFLNEALFQEYQCYGSSSNT,0
SLGSFLKGVGTTLASVGKVVSDQFGKLLQAGQ,0
FDTVVGRDTLIEPNVV,0
GWLKKLGKRIERIGQHTRDATIQGLGIAQQAANVAATAR,0
QHLVTTKILYRYASKSKFNYDLSSNKIFHEPYPQDRSN,0
AIKTLKAGYSEKQRRDFLSEAS,0
KTPIAYRGNIDPSVIPIQKDGMAVCKRCGAIGVKHTFYTKSRRFCSMA,0
NNEAQCEQAGGICSKDHCFHLHTRAFGHCQRGVPCCRTVYD,0
GIFSLIKGAAKLITKTVAKEAGKTGLELMACKVTNQC,0
FLSLIPHAINAVSAIAKHN,0
SMSGFSKPHD,0
RRWCFRVCYKGFCYRKCR,0
GWLKKIGKKIERVGQHTRDATIQGLGVAQQAANVAATAR,0
QAIRESWGQESNAGNQTVVRVFLL,0
ENDHRMPYELNRPNNLSKGGAKCGAAIA,0
SMWSGMWRRKLKKLRNALKKKLKGE,0
NWRKILGKIAKVAAGLLGSMLAGYQV,0
ELAKRWFT,0
TTSASGLDPDISPEAALFQVPRVAKARGVPEASIRTL,0
LFGFLIPLLPHIIGAIPQVIGAIR,0
TNDKIWRLPLSLEYEKELHSNFADLSNVGRGKAGAITASCFLAQFSKK,0
WLISTISGIAVGGWLVDYF,0
RKNYKRNSLILKESPPIISENVP,0
TADRKSASKPIGFEGDLRGQSSDLPERLHSQEVDLASS,0
EDEDEEEILDHEMREIVHIQAGQCGN,0
MSKRDCNLMKACCAGQAVTYAIHSLLNRLGGDSSDPAGCNDIVRKYCK,0
SSMKLSFRARAYGFRGPGPQL,0
RLTWFKKWTKVLNHDFKNAKVEW,0
FLPIAGKLLSGLSGLL,0
VLYPVVPHVTYE,0
RSSYGAGASAFPAPMAGLYNVNSAIY,0
AQALLRDSGLLD,0
DSGVDSGRPIGVVPFQWAGPGAAPEDIGGIVAADLRNSGKFNPLDRARL,0
PEPEAAPLEQMGLGWKSSFGSGKAGDAIGSGLEVIWTSTPTQWSNNFFWN,0
AIIGDGGAMGGKDSQEFMAVTPERTDLNRWVVLDKSIASLDEIPE,0
AVKAARQAFQIGSPWRTMDASERGRLLYKLAD,0
ASMGSVLSLCAAPGRRFATPHSRIMIHQPSIGGPITGQATDLDIHAR,0
HMRHGQKRLLMPVR,0
EQCGRQAGGATCPNNLCCSQYGY,0
RRRKIKCKKTRTPSNLQSQGEQAVDDSTAIETVTSTPVQTPIPEL,0
RKKKELEEQRKLGNAPAEVDEEG,0
DSHAKRHHGYKRKFHEKHHSHRGY,0
FDITKLNIKKLTKATCKVISKGASMCKVLFDKKKQE,0
PTIIDTLQEKDYHYEDVWPEDVIYKGYGGVDCVEAGGPPAGA,0
YSKSLPLSVLNP,0
GILLDKLKNFAKTAGKGVLQSLLNTASCKLSGQC,0
INLLKIAKGIIKSL,0
NSKKSSKLNNLNFAITGSLSISRDEFKKIIL,0
LNLKGIFKKVASLLT,0
GLPVCGETCFGGTCNTPGCTCSYPICTRN,0
SAVGRHGRRFGLRKHRKH,0
SRWPSPGRPRPFPGRPKPIFRPRPCNCYAPPCPCDRW,0
KYPDRQIVAVFQPHTFTRTIALMDDFAASLNLADEVFLTDIFSSAR,0
LTRGLDLIEASVADALSEEQPAAQVLKFGG,0
FLSLIPTAINAVSALAKHF,0
TMALKKGYEIDRP,0
NGVDVSALLQSLATK,0
VRPYLVAF,0
YQWQRRMRKL,0
ILFSYLLFYVLKENSKREDKYQNIIEELTELLPKIKEDVEDIKEKLNK,0
GIPCGESCVWIPCISAALGCSCKNKVCYRN,0
YSPGRTARADLRKASSTFSPPSPYSPPNSRPLSSPLDELASLFNSGR,0
SIPPDEVIPVGAAIQAGILLGKENTDLD,0
PPRPKPGRKPALDALGRRKAPIKPRPGPTSALSVEEAKFR,0
KFIDNLNSWGHIMSKEDNA,0
GVCDMADLA,0
GIPCGESCVFIPCITSVAGCSCKSKVCYRN,0
ESHETAPLVQALLNDDWQAQWPLDAEALAPVAVMFKTHS,0
GLKDKFKSMGEKLKQYIQTWKAKF,0
YGSTVIP,0
GTCLMVAALCFVLVLG,0
GLRSKIWLWVLLMIWQESNKFKKM,0
SVLGKSVAKHLPHVVPVIAEKT,0
QLINSPVTCMSYGGSCQRSCNGGFRLGGHCGHPKIRCCRRK,0
ALFSILRGLKKLGKMGQAFVNCEIYKKC,0
LDTIKCLQGNNNCHIQKCPWFLLQVSTCYKGKGRCCQKRRWFARSHVYHV,0
YLQIRYGTDETNFYQIKSWTDNDYLDVIKKICIDLG,0
AVAPRLKSARAALQRRHPGVRPVIGVNIGKSKVVE,0
SVFAFQDESTSTIAQARLFI,0
LKWLKKWLK,0
LDDNPQGEV,0
ALWKNMLSGIGKLAGQAALGAVKTLV,0
SCPEQRYIPLEGN,0
IFGAIAGLLKNIF,0
DEGKAEMDSMM,0
AGIGKIGDFIKKAIAKYKN,0
HEPCGESCVFIPCITTVVGCSCKNKVCYN,0
GTQRCWNLYGKCRHRCSKKERVYVYCVNNKMCCVKPKYQPKERWWRF,0
SLWENFKNAGKQFILNILDKIRCRVAGGCRT,0
YGMGLAASMGQFLLSAGT,0
PARISAGDVGV,0
VFGTLGSTDDSLFGRYKQDIFNDHRGHLQGQAYGSR,0
VGDVAKAYKKAGVSGH,0
DLDVNVFNR,0
LTQRLRKTTDGQIQHHLLREVFDAPVDEE,0
GLWSNIKTAGKEAAKAALKAAGKAALGAVTDAV,0
GLLSSLSSVA,0
KWLLKWL,0
QYRHRCCAWGPGRKYCKRWC,0
KIKWFKTMKSLAKFLAKEQMKKHLGE,0
GLGSILGKILNVAGKVGKTIGKVADAVGNKE,0
EPQIQAT,0
GLFSKFNKKKIKSGLIKIIKTAGKEAGLEALRTGIDVIGCKIKGEC,0
ICDAADEKIGHCLLRDLDLLEKENTNIFLWLLPDIYREFKSIATNNTDI,0
GGKTFLQENTLDMISVRRGFSQLWYWGKRGVIGIIALW,0
FHVGFLVKTMKVLRCVCFFCSKLLVDSNNPKIKDI,0
RKAVLLEEQGIEWKPEDTARPSGPREGGRRDGGRDG,0
WMGTAML,0
LPPFSSSRGKRGIVDECCYRPCT,0
MEIRIFRQDDFEAVITLWERCDLLRP,0
QFTNVSCTTSKECWSVCQRLHNTSRGKCMNKKCRCYS,0
ATYTGTYTIDGKVLAFK,0
GLFGRLRDSLQRGGQKILEKAERIWCKIKDIFRG,0
ILGPVIKTIGGVIGGLLKNL,0
LFKKAESDDSKWDSIHVISATHDEEGMEVTYNVTTTVI,0
DDDQVEVQQEVKRGFLSTVKNLATNVAGTVIDTLKCKVTGGCRT,0
QQVHAYFEQHIPLLSSFTEKKEALSLFAQY,0
GRDLARLGRFYAAALA,0
IVVIGLNVHTAPVELREKLAIPEAQWPPGIGELCALNHIEE,0
FFPIVGKLLSGLF,0
IVLGCLKVAYFIGFSECLSATEGVFPVTHAVH,0
DQYRCLQNGGFCLRSSCPSHTKLQGTCKPDKPNCCRS,0
WKSESLCTPGCVTGALQTCFLQTLTCNCKISK,0
RRQKMSSTELRRTALDATHRALGATMTDFAGWDMPLRYGSE,0
KWMPGITDEEWLCLFTKFTAAREECSEVQEPESCFSPESSKTGDES,0
FLSTALKVAANVVPTLFCKITKKC,0
KKLLKWLLKLL,0
VIPIKPSSSTLFTPSVLDSCLHSSVGLVDEQC,0
LPYHLATLSQAAAEVALEHSAATLQTVAKLRQERDRVVARLRELGY,0
SIITMTREAKLPQLWKQIACRLYNTC,0
GKLQAFLAKMKEIAAQTL,0
GKGPRI,0
GLVDVLGKVGGLIKKLLPG,0
GGLKKFGKKLEGVGKRVFKASEKALPVVTGFKAL,0
GKISIKQMASVGFWVNLISAIIIILVVYYVMP,0
