id,Sequence,length
gen_01,RRRIWRRWRWT,11
gen_02,IFFMITKKHFKK,12
gen_03,LLSYIGPIIRGIT,13
gen_04,FFAKIAGALAKFA,13
gen_05,CGGACSYGPSTVG,13
gen_06,PKLFKKIAKLWRML,14
gen_07,RKRFFRRWLYRLRK,14
gen_08,LMVYRYAGHFI,11
gen_09,RRGRRYWWYWM,11
gen_10,VFWKKFLGWFIK,12
gen_11,SKKLKKWLKKLRK,13
gen_12,VKLFKYLKKLLK,12
gen_13,GLFDVVKKVGGLL,13
gen_14,CGLAACAGVLAWSLS,15
gen_15,SMLYIILGHGIRV,13
gen_16,IRRWFWRLNKHLKK,14
gen_17,LCYRRWYRRRR,11
gen_18,GILRRIKTYIRGVL,14
gen_19,FLPLLGKIASGIL,13
gen_20,IRGWEWCLRRHWGK,14
gen_21,ALLGLLSKGPLLPG,14
gen_22,VILWKYLWKKIR,12
gen_23,FLPVIAGMLGSFF,13
gen_24,GMFVIVKTHFI,11
gen_25,KWKRKWRWWRVRR,13
gen_26,GLFDIILKVVGTG,13
gen_27,VNWKKFLAKYWKML,14
gen_28,RKRRFFIWRYLIR,13
gen_29,CRPYGGCIPSG,11
gen_30,CFTLAYILKLMW,12
gen_31,RVRRFRRIGRRIT,13
gen_32,IRRFFRWWRRMIR,13
gen_33,GIPDLIKCYWKR,12
gen_34,GLPICGGLVAKVL,13
gen_35,FLLGLLLAIGLVSAG,15
gen_36,KLFKILKKIGKTL,13
gen_37,LKLLAVLKKLLT,12
gen_38,GFGAIIKGVGSVILL,15
gen_39,FAVLYWRALST,11
gen_40,PRLWKIWRKLIR,12
gen_41,FAPALASALASLL,13
gen_42,VNWRKILGHIIRVL,14
gen_43,FMSLLYIAKLL,11
gen_44,ILRIAGKLAKGIL,13
gen_45,FLGVVGEGISG,11
gen_46,FLPLITKLISSVI,13
gen_47,FLSLIVPIGRRIL,13
gen_48,GFSYIVAGILS,11
gen_49,FLPLILGLLKKIL,13
gen_50,FAKLLALALKKL,12
gen_51,IRRWIGKLRKKIL,13
gen_52,GLFVIVGTLVSGLG,14
gen_53,KLLLIVKKLGRLVA,14
gen_54,RRRWEYWLRKMRK,13
gen_55,GAKKKASLAAKLL,13
gen_56,FAPALASALAKAL,13
gen_57,RRRWEWRLRRM,11
gen_58,GLGVVLGGIGSVFPP,15
gen_59,GIFVGLRTYFKK,12
gen_60,IRIDEGCTYFG,11
gen_61,KAKKLALKKKKLAK,14
gen_62,GFVKKLRGYFKK,12
gen_63,GNWGSILKHIIKVV,14
gen_64,IKIFAKILGILKKWH,15
gen_65,GAWDAILKKLL,11
gen_66,FLPLLTILLGGL,12
gen_67,FLSLIVGGISGVF,13
gen_68,FFGAACKGVLAAKIF,15
gen_69,FLFLIIKKVSGLIAL,15
gen_70,ALPKLLGSLFKKFL,14
gen_71,VAKLKKWAKKWR,12
gen_72,GLWKIIGKLASVLLK,15
gen_73,GLIKSLKKVILK,12
gen_74,ILSPALILVLL,11
gen_75,FLFGIIKKLISGLG,14
gen_76,FSGAISHVARHVG,13
gen_77,FLPGIVSILSSLF,13
gen_78,FLPAIAGVLAKLL,13
gen_79,FLLKILLKIGSK,12
gen_80,KWKLFLRLGKRILKH,15
gen_81,FLPVLGSILST,11
gen_82,RRPWIGKWLWK,11
gen_83,GFWDAIKGVLAV,12
gen_84,EILPRFFRGILKPL,14
gen_85,GLGDVIKIYWK,11
gen_86,FLKLLGKILSTIL,13
gen_87,FRGHIARLAKKLG,13
gen_88,AKLKILLKLPRKAK,14
gen_89,SIKKKIFRWIIK,12
gen_90,RKLWRRIPKLM,11
gen_91,FAGALAAAKKHVI,13
gen_92,ILFVIVKTCTGTLG,14
gen_93,IFIVRLRTIFK,11
gen_94,MWKAWWYVLSVLF,13
gen_95,FAWAVAAGLASVF,13
gen_96,SMLMLILALIS,11
gen_97,KWKLFWKVLRRLL,13
gen_98,FAKALAKVASKAL,13
gen_99,ALLGRLPTCTRKPW,14
gen_100,GMIRKIKTYIIR,12
