Sequence,Label
RAHSRCGPGLPPSRASSPQLALPGPQAKGPGLGVDFISRNALAAKRAP,0
PKHGKIDAKNAPHVGGNQWAGGTGGRDTAGLGGKG,0
HKFLYDLGVVPTKEPFQKLFNQGMIL,0
GLWKKIKNVAKAAGKAAKGAL,1
LAELYPQHISELQSRTKEALSREGIDGLIIHSG,0
FAKLAKKALAKLL,1
GLFDIIKKIAESF,1
SVGWGKNSNDGSELVISGSLDDLVKVW,0
KWKSFLKTFKSLKKTVLHTALKAISS,1
DEGKAEMDSMM,0
HSDGIFTDSYSRYRKQMAVKKYLAAVLGRRYRQRFRNK,1
CQYSVNPKIKRFELYFKGRMW,1
ITSISLCTPGCKTGALMGCNMKTATCNCSIHVSK,0
KIIKKIIKIIKKIIK,1
RCVCTRGFCRCVCTRGFC,0
TDLGKVTMIKTADLKVILGKFYRDDDRDEK,0
KAIGLVIPEIDGKLDGGAQRV,1
SNDSLWYGVGQFMGKQANCITNHPVKHMIIPGYCLSKILG,0
KWKLFKKIGIGAVLKVLTTG,1
RQIKWFQNRRMKWKKSKAPKVVILSKALEYLQA,1
EYVQTVKSSKG,1
GLLSGILGAGKHIVCGLSGPCQSLNRKSSDVEYHLAKC,0
AVKDTYSCFIMRGKCRHECHDFEKPIGFCTKLNANCYM,0
KWKLFKKIGIGKFKLAKKF,1
MRIFAVFIFMTYWHLLNAKKRTLRKNDRKKR,1
FLGVALKLGKVLGKALLPLASSLLHSQ,1
SLFSLIKAGAKFLGKNLLKQGAQYAACKVSKEC,0
FAKKLAKKLAKLAL,1
AEQLVVGNKAVSFTDHSELSREVAAKYDHGRLHEAVLLSGN,0
SAAGVAVAFGSPIGGVLFSLEEMAYNFPASTMWRSFL,0
FAKKLAKLAKKLAKLALAL,1
RRCICTTRTCRFPYRRLGTCIFQNRVYTFCC,0
FLGMIPKLIKKLIKAFK,1
SFIFSIVAFLYFFYKTWATDPGF,0
RRCICTTRTCRFPYRRLGTCLFQNRVYTFCC,0
NTGERLSGEFSLAKGFSPAMLKKLDYLMRDKRTNQVHKMDPNLFQKF,0
CVKCKCKCGSGVKVKVKVC,0
VVQFSEDLANQGKTVIIAALDGTFQRKPFQSVIDLVSKAEYITKLTA,0
GLFDIVKKVVGAFGSL,1
GKNGVFKTISHECHLNTWAFLATCCS,0
FKRIVQLIKDFLR,1
GLVGTLLGHIGKAILS,1
FAKIIAKIAKIAKKIL,1
FLSAIVAMLAKLF,1
FLSAIVGMLGKLF,1
VAEAREELERLEARLGQARGELKKWKMRRNQFWLKLQR,1
GLWSKIKDAAKTAGKAALGFVNEMV,1
RKKRRQRRRLNLKALLAVAKKIL,1
GLFRRLRDSIRRGQQKILEKARRIGERIKDIFRG,0
NSMSDVEKASLPPAIFIMGP,0
PIPRVEYTEEETKTWGVVFRELSKLYPTHACREYLKNFPLLTKYC,0
IWSFLIKAATKLLPSLFGGGKKDS,1
HEDFTRGIILGDTEVNQVLRKVSPGFP,0
RRWKRFFKRWKGGVIGVTFPF,1
FIQHLIPLIPHAIQGIKDIF,1
CYGSETIDMDPTRPKAIWGFNGTERPGAV,0
FALAKKALKKAKKAL,1
DIIASLVREAKVGEVYHAKVVRI,0
DLPECCSATELELDSGKQTS,0
FKRILQRIKDFLR,1
HARIKPTFRRLKWKYKGKFW,1
GTTVVNSTFSIVLGNKGYICTVTVECMRNCSK,0
GWMSKIASGIGTFLSGVQQG,0
VISVTDGIVRIHGLSDAMQGEMLEFPGNTFGLAMNLERDSVGAV,0
RRWVRRVRRVWRRVVRVVRRWVRR,1
GIMDTVKNAAKNLAGQLLDKLKCSITAC,1
KNLRRIIRKGIHIIKKYG,0
ALWKDMLKGIGKLAGKAALGAVKTLV,1
FAKGVGKVGKKAL,1
LSVSGIGPKSALAIIASGDVVPLITAIESEDDVYLT,0
FKRIVQKIKDFLR,1
FAKLWAKLAFGKGIGKVGKKLL,1
GIFKDTLKKVVAAVLTTVADNIHPK,1
FLSLIPHIASGIASLVKNF,1
KKKKFFFFFFFFKKKK,1
GWLRKLGKKIERIGQHTRDASIQVLGIAQQAANVAATAR,0
KKKKFFFFFFKKKK,1
FIHHIFRGIVHAGRSIGRFLTG,1
KWCFRVCYRGICYIRRCR,1
MSKLVQAISDAVQAQQNQDWAKLGTSIVGIVENGVGILGKLFGF,0
CLNLKALLAVAKKILC,1
MKEDSNILDKTAKMTKQNKALLFTAGGAAAFMAGYYYYHCNYRNPAPKKSGSTTSQDKTDAQAVQSIPSPSGNKGKESKDPKVKHHHHHH,1
GLFDIAKKVIGVIGSL,1
FLWWLFKWAWK,1
SPTTTAAEKLELLKAVREEVGDRAKLIAGVGTNNTRTSVELAEAAASA,0
GLFAVIKKVAAVIKKL,1
DKLIGSCVWGAVNYTSDCNGECLLRGYKGGHCGSFANVNCWCET,0
ALWKSLLKNVGKAAGKAALNAVTDMVNQ,1
DKFENMGAQMVKEVASRTSDDAGDGTTTATVLAQAILVE,0
KKINNPVSCLRKGGRCWNRCIGNTRQIGSCGVPFLKCCKRK,0
LASADRKANKVATEGVIVS,0
KWKLFKKIKFLHSAKKF,1
IAANHILKTREKLNRILSERTGQS,0
GLFAVIKKVAAVIRRL,1
DAGRPRADPVSLPPLAQYLPQSGSQPRLQPLL,0
QNHVTPSRHRNSSSESAIVPKTVKSGVVTKRSSLPVS,0
KLLKKVVKLFKKKKK,1
MGALIKTGAKIIGSGAAGGLGTYIGHKILGK,0
QTKPRGDRARYLKLARTNAATALTSKLSQQSTVHQRLTALAS,0
KTKLFKKFAKKLAKKLKKLAKKL,1
QSINNPITCLTKGGVCWGPCTGGFRQIGTCGLPRVRCCKKK,0
KAEEEARRKLEEEARRVAEEAR,0
SYVGDCGSNGGSCVSSYCPYGNRLNYFCPLGRTCCRHAYV,0
QGPGKPLFMTGPATHVFDGQLSCMHFHFSKMHGLGNDFMVVDCI,0
MVALSVDELMPLAKEIDPNNNPSYGVLCGMSIM,0
FLSLIPKIAGGIAALAKHL,1
VEKAGIQDVLTKSWGSSNPVNIVKATLDALEQLETPILAAKKRGISLN,0
FAFGKGIGKIGKKGL,1
EARPALLTSRLRFIPK,1
GESSGPDVSREGVQRDLLPLVEGCTV,0
FAKLLKLAAKKLL,1
KLKNFAKGVAQSLLNKASCKLSGQC,1
GIINTLQKYYCRVRGGRCAVLTCLPKEEQIGKCSTRGRKCCRRKK,0
GTASVARAWSSAFDNLIGNHISKTLQGSIALHVPHVLAEYP,0
MQIPQAPWPVVWAVLQLGWRKKRTLRKNDRKKR,1
GIPCAESCVWIPCTVTALLGCSCSNNVCYN,0
IRALDGCFTGAQHNTWLPRE,0
GFLGFHDFSKFSKKDTRNPWRSIDEVKCHRESFGVVLEFSAKSF,0
FALAAKALKKLAKKLKKLAKKAL,1
ALWKDLLKNVGIAAGKAALNKVTDMVNQ,1
KWKLFKKALKKLKKALKKAL,1
PWWWPPVVVQQQMILLIGAARKKRTLRKNDRKKR,1
STIVCVSLRICNWSLRFCPSFKVRCPM,0
PMEHLSSNDQLSFLTVKRLI,0
DLVCYCRARGCKGRERMNGTCRKGHLLYMLCCR,0
KWKKFLKIGIGKFLHLAKKF,1
LRANELVELLNKNGYNASIKENCNSTSNIVVVNSTPN,0
DREGTLFIEESDNNNVWTTTA,0
WYVKKCLNDVGICKKKCKPEEMHVKNGWAMCGKGRDCCVPAD,0
FAFAKIIAKIAKKII,1
IVVIGLNVHTAPVELREKLAIPEAQWPPGIGELCALNHIEE,0
FAKKLAKKLKKLAKKLIGAVLKV,1
AMADVLKVTDQRKIPELNEYQCGTYHMHSLEEAQSIAKDILDRDVRIN,0
KWKLAKKALALL,1
MANCVVGYIGERCQYRDLKWWELRGGGGSGGGGSAPAFSVSPASGLSDGQSVSVSVSGAAAGETYYIAQCAPVGGQDACNPATATSFTTDASGAASFSFVVRKSYTGSTPEGTPVGSVDCATAACNLGAGNSGLDLGHVALTFGGGGGSGGGGSDHYNCVSSGGQCLYSACPIFTKIQGTCYRGKAKCCKLEHHHHHH,1
KLLKLLLKLYKKLLKLL,1
FALALKKALKALKKAL,1
KTCENLSGTFKGPCIPDGNCNKHCRNNEHLLSGRCRDDFRCWCTNRC,0
RQLLIIDNFVPIEVKQRLYTQAKYDEEQEEWKFSS,0
HDVNQMIEKLEEKTREVIESSRNIKKIERENQ,0
GIGKFLHSAKKFAKAFVAEIMNS,1
FAKLLAKALKKLL,1
FIKTYGCQMNVYDSVRMSDALAKDGYVQTEDMGEADLV,0
LPSMADQLLRKKRRIFIHSVGAGTINALLDCLLEDEVISQEDMNKVRDE,0
GLFPKFNKKKVKTGIFDIIKTVGKEAGMDVLRTGIDVIGCKIKGEC,0
VKQLLSSENKSIGKYEQELQVLGS,0
KAGLEVLKDASAKAVADAKAMLAAGHVAVMLQEPCNDILFSRAKVYSG,0
YVSCLFRGARCRVYSGRSCCFGYYCRRDFPGSIFGTCSRRNF,0
LDTIKCLQGNNNCHIQKCPWFLLQVSTCYKGKGRCCQKRRWFARSHVYHV,0
GSNKGFNFMVDMINALSN,0
RRNDLRSRFLALRDQVP,1
VNWKKILGKIIKVVK,1
FKRIVQRIRDFLR,1
KRWHWWRRHWVVW,1
EKRMQELAKRDEPVTRRVVSRDEAVSYFRSIGEKYKAEI,0
KWKLFKKKTKLFKKFAKKLAKKL,1
FAKALKALLKALKAL,1
GNILRIIVNNLGIDEASWMKRLAVFAQP,0
FALGAVTKLLPSLLCMITRKC,1
GFGCPFNQGACHRHCRSIRRRGGYCAGLIKQTCTCYRN,0
MPKWKVFKKIEKVGRNIRNGIVKAGPAIAVLGEAKALG,1
FKLAFKLAKKAFL,1
IELLQARGGCPEMGGRRRRRRRR,1
MSAFVRVVPRISRSSVLTRSLRLQLRCYASYPEHTIIGMPALSPTMT,0
KVVKKVKKKVKKVVK,1
FAKLLAKLAKKLL,1
NSKKSSKLNNLNFAITGSLSISRDEFKKIIL,0
AIGKFLHSAKKFGKAFVGEIMNS,1
TGRKIIVDTYGGMARHGGGAFSGKDPS,0
KWKSFAKTFKSAKKTVAHTALKAISS,1
GIFDVVKGVLKGVGKNVAGSLLEQLKCKLSGGC,1
SAGSVTFFRSPWPAMMRNAGVDVVEALRVSLLRVFLRRMDL,0
DERCTIIIHPGSPCDPSDCVQYCYAEYNGVGKCIASKPGRSANCMCTYNC,0
GLMDMLKKVGKVALTVAKSALLP,1
RISFKKGKGSWIKNGLIKGIKGLGKEISLDVIRTGIDIAGCKIKGEC,0
LLGNFFRKAREKIGKEFKRIVQRIKDFLQHLVPRTEA,0
FAKKLAKKLKKLAKKLAKLALALKALALKAL,1
FLSGIVAMLGKLF,1
GVKFAKRFWRFAKKAFKRFEK,1
FLGALFKVASKLVPAAICSISKKC,1
RIIDRLWLVRRPQKPKFVLVWVL,1
SISCGESCAMISFCFTEVIGCSCKNKVCYLN,0
FALGAVTCLIRTKCKVLPKLF,1
RYRSFERLYEDLTRLLEENVK,0
KWKLFKKIGIGKFLHSATTF,1
LDLYLMIMYSPYTLYGYALT,0
KLAKLAKKLAKLAKGGRKKRRQRRR,1
KIIIKIKKKIKIIIK,1
ALWKDILKNAGKAALNEINQIVQ,1
FLPLIIGALSSLLPKIF,1
VAKLLAKLAKKVL,1
ATVENTLFEDGDGANT,0
ILPWKWPWWPWRR,1
GRSKKLGKKIEKAGKRVFNAAQKGLPVAAGVQAL,0
FALLKALKKAL,1
KWKLFAKIGIGKFLHLAKKF,1
FLSLIPAAISAVSALANHF,1
RIKRFWPVVIRTVVAGYNLYRAI,0
RCYTNDDCKDGQPCPVPLACLFGSCICPWKSQSKLPICQIICANLD,0
YENPYGCPTDEGKCFDRCNDSEFEGGYCGGSYRATCVCYRT,0
KLLKKLKKKLKKLLK,1
KKKFPWWWPFKKKCKKKFPWWWPFKKKC,1
IKFSQLAPLPPSNETAVFDNYGDDEGTQSGYNNEPLSP,0
FKTWKRPPFQTSCWGIIKE,0
FAKLLFKALKKAL,1
RGWFRAMRSIARFIARERLREHL,1
FLSLIPKLVKKIIKAFK,1
ASMGSVLSLCAAPGRRFATPHSRIMIHQPSIGGPITGQATDLDIHAR,0
KRKCPKTPFDNTPGAWFAHLILGC,0
TEIARGTADDVERALDAAHEAAPGWGRTSVTERSDILLKIAD,0
ASGWVCTLTIECGTLVCAC,0
ALWKSILKNVGKVLNEINQIVQ,1
CHYRVKPKIKRFEKYKGRMW,1
FLKLLKKLAAKLF,1
KKLALALAKKWLALAKKLALALAKK,1
RGDLLRHVVKILEKYL,1
KLLKKLLKLLKKLLK,1
NSGGAAVVAALGCAAGGVKYGRLLGPWGAAIG,0
AAMNGLAGPLHGLANQEVLVWL,0
MPCSCKKYCDPWEVIDGSCGLFNSKYICCREK,0
RDAPSEDARAERAVEDAHAVLGRFPEQFGPALERAIRAKLGLALERE,0
KKKSGVIPTVSHDCHMNSFQFVFTCCS,0
VDKPDYRPRPRPPNM,0
DKLIGSCVWGAVNYTRNCNAECKRRGYKGGHCGSFANVNCWCET,0
KYPDRQIVAVFQPHTFTRTIALMDDFAASLNLADEVFLTDIFSSAR,0
FLKWLFKWAKK,1
LLGPVLGLVSNALGGLLKNI,0
FLGWLFKWAKK,1
RTCDPEYYHWTQWAFIKMFNSY,0
ARDLVALTNEALSISITQKKSIIDTNTIRSALHRQTWDLRSQ,0
KLLPSVVGLFKKKKQ,1
FLKLLKKLAAKFLPTIICKISYKC,1
GYGCPFNQYQCHSHCRGIRGYKGGYCTGRFKQTCKCY,0
GFGCPNNYQCHRHCKSIPGRCGGYCGGWHRLRCTCYRC,0
LGGIVSAVKKIVDFLG,1
GRFKRFRKKFKKLFKKLSPVIPLLHL,1
RRVVSIPPLFWKPLLHMVILPIRGPRSASKYAKVWLQEG,0
IMRRLFTSESVTEGHPDKICDQISDAVLDAIFAKDPNARVACETAVTTG,0
GIFDVLKNLAKGVITSLKS,1
SRSSRAGLQFPVGRIHRLLRK,1
KWKLFKKIGIGKFLHSAKKF,1
SIVPIRCRSNRDCRRFCGFRGGRCTYARQCLCGY,0
FAKKLAKLKKKLAKLAKKR,1
GYGCPFNQYQCHSHCSGIRGYKGGYCKGTFKQTCKCY,0
FLSGIVGMLAKLFLFKQYAELW,1
LGQQQPFPPQQPY,1
FLGALFHALSKLL,1
GLFKVIKKVAKVIKKL,1
QQQQQQQQQQQRRPGSPMVPNAPLDPNNMAKLEYEQRKNLL,0
VAMALFSGIFNIGIGAGALVGNQVSLHWSMSMIGYVG,0
SVFAFENEQSSTIAPARLYK,0
IIESLFWKQTKRSQTSYTRNICLVNIAVSLLIADVW,0
RSRSPPARRRSPGSDRSDRKSRSASPKKRSDKRARSESKSRSRSGGR,0
FFPLIFGALSSILPKIL,1
WKSESLCTPGCVTGALQTCFLQTLTCNCKISK,0
RKKRRQRRREFLDCFQKF,1
GLVSSIGRALGGLLADVVKSKEQPA,0
IFGSLFSLGSKLLPTVFKLFSRKKQ,0
KLLRLLKKLLRLLLK,1
VGPFNPGRMNVAGDVFQNGESATHHNPDSWISQSASFPRN,0
GKIPVKAIKKGGQIIGKALRGINIASTAHDIISQFKPKKKKNH,0
VGGRTEIRDVGSNKAVQSLGRFAVAEHNRRLRHGGSGGP,0
VKLYHSFSIPLMRTREKLLKMLMDVEIWREAL,0
FNRGGYNFGKSVRHVVDAIGSVAGIRGILKSIR,0
KLLLKLKLKLLK,1
GIGAVLKVLTTGLPALISWIKRKRQQC,1
PHKKMASVDLHQLPMLTSWPEDGGAFLTLPLVY,0
FAKKFAKKFKKFAKKFAKFAFAF,1
LGPGGRLAVISFHSLEDRMVKQCIAAAARPAAAHARLPLRESE,0
LSAAVKAGASLIDGGNMLETIRVTPNNFSSI,0
PLLKVLFLLCGFSIMAALCFLGMGPWGEPELLVWRPEAV,0
FKRIVQRIKDFLR,1
GLLGKILGAGKKVLCGVSGLC,1
SIPARPLNLYQFGNMIQCANHGRRPTWHYMDYGCYCGKGGSGTPVDE,0
GKREKCLRRNGFCAFLKCPTLSVISGTCSRFQVCC,0
FALAKLAKKAKAKLKKALKAL,1
YHWYGYTPQNVIGGGKLLLKLLKKLLKLLKKK,1
ELFLPIENPVLTQLDKLNPDNLTPKQALDILYQLIQLRQQKME,0
FLPLILRKIVTAL,1
IDWKKLLDAAKQIL,1
GMWSKIKNAGKAAAKAAAKAAGKAALDAVSEAI,1
GLFDVIKKVASVIGGL,1
RQRDPQQQYEQCQKHCQRRETEPRHMQTCQQRCERRYEKEKRKQQ,0
WYRMNNHPDGPS,0
GLFDIVKKIAGHIVSSI,1
RQRDPQQQYEQCQKHCQRRETEPRHMQTCQQRCERRYEKEKRKQQKR,0
ADDKNPLEEAFREADYEVFLEIAKNGL,0
KPYCSCKWRCGIGEEEKGICHKFPIVTYVCCRRP,0
EFINKIKASPWFKNTVIVVSSDHLAMNNTAWKYLNKQDRNNL,0
EQLPSERELMAFFNVGRPSVREALAALKRKGLVQI,0
CIKNGNGCQPDGSQGNCCSRYCHKEPGWVAGYCR,0
FAKKLAKKLKKLAKKLAKKWKL,1
FALAKALKKAL,1
MLMACYSAGQLGCLVFCNEAEYSYGKCIGRGRCCCYDL,0
QAIRESWGQESNAGNQTVVRVFLL,0
RLPRILRKIVRRL,1
GVWSTVLGGLKKFAKGGLEAIVNPK,0
LRDLVCYCRSRGCKGRERMNGTCRKGHLLYTLCCR,0
LYCKNPVIHQLPELQQNFLGGSMKLGSCPCYLESGSKIFSIYQQSIIHER,0
FALGAVTKVLPKLFCLITRKC,1
KWKKLLKKPPPLLKKLLKKL,1
FAKLLAKLAKAKL,1
FAKKLKKLAKLAKKL,1
AGSSLKTGAKKIILYIPQNYQYDTEQGNGLQDLVKAAEELGIEVQ,0
GLWSKIKNVAAAAGKAALGAL,1
KLAKKLAKLAKLAKAL,1
ALWKEVLKNAGKAALNEINNLV,1
VHADFENVKKR,0
RVCSAIPLPICH,0
KVVKKVVKVVKKVVK,1
ISVAWYSIHADSGYNVCDNGYKLPLIYVV,0
ESEVLTPADEVFHLNKSDYTVPFVCGCRDLGEAAR,0
FLPLIASLAGNVVPKIFCKITKRC,1
EENFLGALFKALSKLL,1
FLGMIPGLIGGLISAFK,1
KYKKALKKLAKLL,1
EVLFEAMPRVRSELVRCLDMFHPSL,0
RECRSESKKFVGLCVSDTNCASVCLTERFPGGKCDGYRRCFCTKDC,0
GKLRLIKKLWVKKWKKKGWKA,1
YAGFSADCRPRSRPSSDSCSVPMTGARGQGL,0
FAKLFAKAFKKAL,1
DNAAMIGSAAYFEYIKGR,0
GIFSLVKGAAKLAGKGLAKEGGKFGLELIACKIAKQC,0
FLSLIPHIVSGVAALANHL,1
FLPIVAKLLSGLLGRKKRRQRRR,1
MQIITEPCQMQAVVEKLRLNRQLIGVVMTMGALHEGH,0
KRDENRLLFDHQREIAAKFGYVRQEGQPVNYGVEQFM,0
KTCEHLADTYRGVCFTNASCDDHCKNKAHLISGTCHNWKCFCTQNC,0
KQLIRFLKRLDRNGGGKLLLKLLKKLLKLLKKK,1
DRQTGKSAIAIDTI,0
DLDIKTTSVRFTGETLKVPVSMDMLGRIFNGIGKPIDGG,0
IIIKKIKKKIKKIII,1
KIIKKIKKKIKKIIK,1
GLFLDTLKGAAKDVAGKLEGLKCKITGCKLP,1
HRQAPAFEELSTKVEILETGIKVVDLLA,0
IRFLNNFESVLALSLHYGILVLALPIFILLYKAKKQPCSILLKVTTE,0
GLFDIVKKIAGHIAGSI,1
FKRLAKIKVLRLAKIKR,1
LGYEIKYIGSIEGIERKIIEKEGIEYFPISSGKLRRYFDLKNFSDPFKV,0
VRCADRHNLMYSTFRTFVFRETEFIAVTAYQNEKVTELKIENNPFAKG,0
RRRQRRKKRGQTQPRLGPPQTPAGGCSILIF,1
LIVRDGEGATKFVTIRVVEAASEEAARKIASTIARSPLV,0
ACVNQCPDAIDRFIVKDKGCHGVEKKYYKQVYVACMNGQHLYCRTEGGPCQL,1
VYYQAVILALSPFHNAVYRMHQVISATTNPA,0
KWKLFKKIGIGAVLKVLKKG,1
LKKWWKKVKGLLGGLLGKVTSVIK,1
KLDGADVDSYLTITAKGGTCVLTAI,0
LWKRWVGVWRKWL,1
FLSGIVGMLAKLFKFLKALMFLSGIVG,1
IKLSKETKKNLKKVLKGAIKGAIAVAKMV,1
IVLGCLKVAYFIGFSECLSATEGVFPVTHAVH,0
FDITKLNIKKLTKATCKVISKGASMCKVLFDKKKQE,0
VRRFPWWWPFLRR,1
IGGQPVEQPFIIIGQV,0
NNEAQCEQAGGICSKDHCFHLHTRAFGHCQRGVPCCRTVYD,0
FAKLLAKALKKFAL,1
LLINKSPEERAALAEERTEGGTPLLIA,0
RECQSQSHRYKGACVHDTNCASVCQTEGFSGGKCVGFRGRCFCTKHC,0
FAKLLAKLAKKFAL,1
FALALKALKKALKKLKKALKKAL,1
SLAWACAEQLAKKIQAYTLFATHYFELTKLPENI,0
SIPPDEVIPVGAAIQAGILLGKENTDLD,0
IVEDNGLRLALPPKVELPQ,0
IHSFIHIFMICLVMENNEAPSPSGS,0
FTSVPDAWGIEQVFPIIPIHRLDEKPSVRGILSDL,0
RDGGLAVLYGNLAPNGCIVKTAGVDASIL,0
FLPLLAGLAANFLPQIICKIARKC,1
EGKIKILEDNKEEDFENSMGRK,0
RAGLQFPVGRLLRRLLRRLLR,1
FKSARIVQRILDFLR,1
FLPRILRKIVRAL,1
GLFSVVKGVLKGVGKNVSGSLLDQLKCKISGGC,1
LRDLVCYCRTRGCKRREHMNGTCRKGHLMYTLCCR,0
ARIQESTNDILKPITCNTNADCAKFCKGPIHNCVYHTCQCVPGNPHCC,0
IWLTALKFLGKNLGKHLAKQQLSKL,1
FPWWWPFLRDVFTKGYGFGLGRKKRRQRRRPQ,1
RRQKMSSTELRRTALDATHRALGATMTDFAGWDMPLRYGSE,0
ACHAHCQSVGRRGGYCGNFRMTCYCY,0
FAKAIAKIAFGKGIGKVGKKLL,1
FAKKLAKKLKKLAKLALAK,1
RDCESDSHKFHGACFSDTNCANVCQTEGFTAGKCVGVQRHCHCTKDC,0
GILSSIKGVAKGVAKNVAAQLLDTLKCKITGC,1
FAGNSISSSYLHDLI,0
RYGFTEVAGNFQQHNFGRG,1
FAVGLRAIKRALKKLRRGVRKVAKDL,1
