id,Sequence
pep_1,GVIPCGESCVFIPCISSVLGCSCKNKVCYRD
pep_2,FLKGLMGVIASLFK
pep_3,LNLKALLAVAKKIL
pep_4,ATCDLLSAFGVGHAACAAHCIGHGYRGGYCNSKAVCTCRR
pep_5,KWKKFLKIGIGKFLHLAKKF
pep_6,GFGMALRLLRRVL
pep_7,FPVTWRWWKWWKGKFPVTWRWWKWWKG
pep_8,ALWMTLLKKVLKAAAKALNAVLVGANA
pep_9,GAFGNFLKGVAKKAGLKILSIAQCKLFGTC
pep_10,CAAGTACTCAGTGTGGA
pep_11,PRAWEYWLRLME
pep_12,KWKLFKKIPKFLHLAK
pep_13,FALAKALKKAL
pep_14,FLPLAVSLAANFLPKLFCKITKKC
pep_15,GLLEALAELLEGLRKRLRKFRNKIKEK
pep_16,GLLDTLKGAAKNVVGSLASKVMEKL
pep_17,MWKWFHNVLSWWWLLADKRPARDYNRK
pep_18,KIFKKFKDWFKKAFHVLGKV
pep_19,RWGKWFKKATHVGKHVGKAALTAYL
pep_20,LTVSPWYGCGMPFSTGKRIMLGE
pep_21,AFGMALKLLKKVL
pep_22,FLGALFHALSHLL
pep_23,GVPICGETCVGGTCNTPGCSCSWPVCTRN
pep_24,PGMGIYLPM
pep_25,GIGSAILSAGKSIIKGLAKGLAEHF
pep_26,PAWRKAFRWAKRMLKKAA
pep_27,GKWMSLLKHILK
pep_28,YAIDTILAEIKNINA
pep_29,GVWGIAKIAGKVLGNILPHVFSSNQS
pep_30,FFPIVAGVAAKVLKKIFCTISKKC
pep_31,FVGLAKVAAHVVPAIAEHF
pep_32,IKIPAVVKDTLKKVAKGVLSAVAGALTQ
pep_33,PAWRKAFRWAWRMLKKAA
pep_34,FIGPIISALASLFG
pep_35,FLPILAGLAAKIVPKLFCLATKKC
pep_36,GLFVGLAKVAAHNNPAIAEHFQA
pep_37,KILRGVAKKIMRTFLRRILTGKK
pep_38,FAKKLAKLAKKL
pep_39,GLFLDTLKGAAKDVAGKLEGLKCKITGCKLP
pep_40,GIPCGESCVFIPCITGAIGCSCKSKVCYRN
pep_41,GLFGVLAKVAAHVVPAIAEHF
pep_42,GLKDPLKSVAKHLVK
pep_43,PPKSQ
pep_44,KWKLFKKIGAVLKVL
pep_45,CHHALTHAC
pep_46,GILGKLWEGFKSIV
pep_47,GKYTCGETCFKGKCYTPGCTCSYPICKKD
pep_48,FFSLIPSLVGGLISAFK
pep_49,VLLVTLTRLHQRGVIYRKWRHFSGRKYR
pep_50,CYTQYRKCQELTA
pep_51,RWNGRIIKGFYNLVKIWKDLKG
pep_52,FKRIVQLLKKLLR
pep_53,HIIKKIRTWYRKAWHVLGKV
pep_54,NLRTYKKRYMFY
pep_55,MRKWFHNVLSSGQLLADKWPAWDYNRK
pep_56,FLGGILNTITGLL
pep_57,KFFKKFFKKFFKKFFKKFFKKFFKKFFK
pep_58,VNWKKVLGKIIKVAK
pep_59,AWLKRIKKFLKALFWVWVW
pep_60,GATYAKKIIKTITKIATTAW
pep_61,FLPGLIAGIAKML
pep_62,IHKLVKLWLNLGKKF
pep_63,DLRFWNPREKLPLPTLPPFNPKPIYIDMGNRY
pep_64,GFFALIPKIISSPLFKTLLSAVGSALS
pep_65,FAFGKGIGKIGKKGL
pep_66,GSLCGDTCFVLGCNDSSCSCNYPICVKD
pep_67,AAVALLPAVLLALLAPMPFSTGKRIMLGE
pep_68,FAKLLAKLAKKGL
pep_69,WCRRYRVLVRGVLVRYRRCW
pep_70,GLHKVMREVLGYERNSYKKFFLR
pep_71,FAKKLAKKLKKLAKLALAL
pep_72,ALYKKLLKKLLKSAKKLG
pep_73,LFSIIWKLNRKLIKA
pep_74,GWLRDFGKRIERTGQNIRDATIQTIGIAQEAANVAATLK
pep_75,GFGCPFNQGQCHKHCQSIRRRGGYCDGFLKTRCVCYR
pep_76,GANAAKKFATIAKKFINYLW
pep_77,GLPTCGETCTLGTCYVPDCSCSWPICMKN
pep_78,YCAYYSPRHKTTF
pep_79,VDKPPYLPRPRPIRRPGGR
pep_80,KYIRHLKTWFKKVFKLIGEV
pep_81,EGGGPQWAVGHFM
pep_82,DIQIPGIKKPTHRDIIIPNWNPNVRTQPWQRFGGNKS
pep_83,FKDLKKIANIINSIFKK
pep_84,FDIVKKIAGHIVSSI
pep_85,GLGDFIKAIAKHLGPLIGILPSKLKVAA
pep_86,GLLGLLGSVVSHVVPAIVGHF
pep_87,KKPSKKPKPQAMTFPKVTVEYFPASFSTAALTVPED
pep_88,RRRRRWCMNW
pep_89,ACDTATCVTHRLAGLLSRSGGVVKNNFVPTNVGSKAF
pep_90,KIAKVALAKLGIGAVLKVLTTGL
pep_91,RRLFRRILRWL
pep_92,GIACGESCVFLGCFIPGCSCKSKVCYFN
pep_93,KWKLFKKIGIGKFKLAKKF
pep_94,VAKALAKALLKALKAL
pep_95,QETFSDLWKLLP
pep_96,GIGGALLSAGKSALKGLAKGLAEHFAN
pep_97,FAKKLAKLAKKLLAL
pep_98,RVFKKFHPIYHRVWRLWGHL
pep_99,FKCRRWQWRMKKLGAPSITCVRRAF
pep_100,GIIKKIIIKKIIIKKIIIKKI
pep_101,AKRHHGYKRKFH
pep_102,FLGAIAQALTSLLGKL
pep_103,DSHEERRQGRHGHHEYGRKFHEKHHSHRGY
pep_104,WGKFFAGVKKLTKAILGEIA
pep_105,GFFALIPKIISSPLFKTLLSAVGSALSSSGGQE
pep_106,FAKLLAKLAKKAL
pep_107,ILKPKLWKLTVVARKIIK
pep_108,GLFDIIKKVASVVGGL
pep_109,SILPTIVSFLSKVF
pep_110,VAKALKALLKALKAL
pep_111,GLVGTLLGHIGKAILS
pep_112,FLPAVLRVAAKIVPTVFCAISKKC
pep_113,KGIRGYKGGYCKGAFKQTCKCY
pep_114,FLPLIAGLAANFLPKIFCAITKKC
pep_115,GLFAVIKKVASVIKKL
pep_116,NGVQPKYKWWKWWKKWW
pep_117,WDPYFAGVKKLTKAILAVRA
pep_118,DFASCHTNGGICLPNRCPGHMIQIGICFRPRVKCCRSW
pep_119,FLGWLFKWAKK
pep_120,MPRWRLFRRIDRVGKQIKQGILRAGPAIALVGDARAVG
pep_121,YLARAIRRTLARLLL
pep_122,HSDGIFTDSYSRYRKQMAVKKYLAAVLGRRYRQRFRNK
pep_123,VRLRIRVRVIRK
pep_124,GLLDIVKKVVGAFGSL
pep_125,GPKTKAACKMACKLATCGKKPGGWKCKLCELGCDAV
pep_126,DEDDD
pep_127,FIQHLIPLIPHAIQGIKDIF
pep_128,FFRHLFRGAKAIFRGARQGWRAHKVVSRYRNRDVPETDNNQEEP
pep_129,GLMDTIKGVAKTVAASWLDKLKCKITGC
pep_130,FLPIIAGIAAKFLPKIFCTISKKC
pep_131,FALALKLAKKAL
pep_132,FLPVLAGLTPSIVPKLVCLLTKKC
pep_133,FGCTWMNSTGFTKTC
pep_134,GIIKKIIKKIIKKI
pep_135,ETFSDLWKLL
pep_136,GFGCPLDQMQCHRHCQTITGRSGGYCSGPLKLTCTCYR
pep_137,RRRRRNWMWC
pep_138,SWKKFFKKARSLPKLF
pep_139,ALWKKILKNAGKAALNKINQIVQ
pep_140,FAKALKALLKALKAL
pep_141,ALWKTMLKKLGTVALHAGKAALGAVADTISQ
pep_142,FLGAIAAALPHVINAVTNAL
pep_143,LGQSAASAHHAYIVLAIENSFMTASKKK
pep_144,RLIKRIKTWYRKAWKVVGKF
pep_145,ALLGDFFRKSKEKIGKEFKRIVQRIKDFLRNLVPRTES
pep_146,GLLHLHQNIVDVQYM
pep_147,FAKLWAKLAKKL
pep_148,FALALKALKK
pep_149,ALSILKGLEKLAKMGIALTNCKATKKC
pep_150,GFMDTAKNVAKNVAVTLIDNLKCKITKAC
pep_151,TILAEIKNINAD
pep_152,KAFDITYVRLKF
pep_153,KWKLFAKIGIGKFLHLAKKF
pep_154,GFIFHIIKGLFHAGKMIHGLV
pep_155,CYSAAKYPGFQEFINRKYKSSRF
pep_156,FLGAILKIGHALAKTVLPMVTNAFKPKQ
pep_157,VAKKLAKLAKKLAKLAL
pep_158,FFPLVLGALGSILPKIF
pep_159,FLFSLIPSAIAGLVSAIRN
pep_160,FSPQMLQDIIEKKTKIL
pep_161,ALWKDILKNLLKAALNEINQIVQ
pep_162,DEVD
pep_163,GLLPCAESCVYIPCLTTVIGCSCKSKVCYKN
pep_164,GMWSKIKETAMAAAKEAAKAAGKTISDMIKQ
pep_165,DSMGAVKLAKLLIDKMKCEVTKAC
pep_166,ATAVDFGPHGLLPIRPIRIRPLCGKDKS
pep_167,GIGKFLHSAKKFAKAFVAEIMNS
pep_168,FAKKLAKKLKKLAKKLAKLALALKALALKAL
pep_169,KLWKKWKKWLK
pep_170,KKFFRAWWAPRFLK
pep_171,FLSLIPHAINAVSALANHG
pep_172,KRWHWWRRHWVVW
pep_173,PAWRKAFRWAWRMKKLAA
pep_174,FLGALFHALSKLL
pep_175,LLCLDGTRKPVTEAQSCHLAVAPNHAVVSR
pep_176,FLPLVTGLLSGLL
pep_177,KILRGVSKRILTGKK
pep_178,CWKWKWKWGSGWKWKWKWC
pep_179,KWVKKVHNWLRRWIKVFEALFG
pep_180,CIWVSDGKKLWRH
pep_181,ETWRTEAPSATGQASSLLGGRLLGQ
pep_182,GFGCPFNARRCHRHCRSIRRRAGYCAGRLRLTCTCVR
pep_183,FAKIIAKIAKKI
pep_184,FFSMIPKIAGGIASLVKNL
pep_185,GIFSKLAGKKIKNLLISGLKG
pep_186,DAEFRHDSGYEVHHQKLVFFAEDVGSNKGAIIGLMVGGVVIA
pep_187,RMMRIFWVIKLAR
pep_188,ALWKNMLKGIGKLAGKAALGAVKKLVGAES
pep_189,FLSLIPKAISAISALINHF
pep_190,FAKLA
pep_191,FFGRLKSVWSAVKHGWKAAKSR
pep_192,LALMLPGC
pep_193,GIKCRFCCGCCTPGICGVCCRF
pep_194,QIFKKVKTWYKKAFQILGRL
pep_195,PDEDAINNALNKVCSTGRRQRSICKQLLKK
pep_196,GKEFKRIVGRIYRLCCR
pep_197,RKKRRQRRRCWTKSIPPKPC
pep_198,FAKLLALALKLKL
pep_199,FELDRICGYGTARCRKKCRSQEYRIGRCPNTYACCLRKWDESLLNRTKP
pep_200,FLPIIAGAAAKVVEKIFCAISKKC
pep_201,FLPIIAGAAAKVVQKIFCAISKKC
pep_202,FAKKLAKKLKKLAKKLAKLALAL
pep_203,KLAKKLAKLAKLAKAL
pep_204,FLPAIVGAAAKFLPKIFCAISKKC
pep_205,CGGYCGGWKRKRCTSYRCG
pep_206,NGAICWGPCPTAFRQIGNCGRFRVRCCRIR
pep_207,IKYLLVKLQGASQKTITLMLRRNNLYVMGYS
pep_208,KSCCPNTTGRNIYNTCRFGGGSRQVCASLSGCKIISASTCPSDYPK
pep_209,TRSSRAGLQFPVGRVHRLLRK
pep_210,GEILCNLCTGLINTLENLLTTKRKRQQ
pep_211,GTGLPMSERRKIMLMMR
pep_212,RKRWWRWWKWWKR
pep_213,GFGCPLNQGACHRHCRSIRRRGGYCSGIIKQTCTCY
pep_214,RWGKWFKKNSHLS
pep_215,GKEFKRIVWLSKTAKKL
pep_216,FAKLLAKLAKKEL
pep_217,GMWSKILGHLIK
pep_218,GIPCGESCVWIPCISSAIGCSCKSKVCYRN
pep_219,ALWKDMLKGIGKLAGKAALGAVKTLV
pep_220,FAKKLAKLAKKALAL
pep_221,KWKSFLKTFKSAKKTVLHTLLKAISS
pep_222,QDNSRYTHFLTQHYDAKPQGRDDRYSESIMRRRGLTSPSKDINTFIH
pep_223,ALWKTLLKKVLKAAAKAALKAVLVGANA
pep_224,GLVGTLLGHIGKAILG
pep_225,FAKLLAKALKLKL
pep_226,GKEFKRIVKWPWWPWRR
pep_227,TAGIKLTVPIEKFPVTTQTFWG
pep_228,GVPCAESCVWIPCTVTALLGCSCKDKVCYLN
pep_229,KIFKKFKDFLKKIFQYLGKV
pep_230,FAKLLAKALKKL
pep_231,LTFEHYWAQLTS
pep_232,FLKGLMGVIASLF
pep_233,FALALKA
pep_234,RGLRRLGRKIAHGVKKYGPTVLRIIRIA
pep_235,FLGALFKVASKVLPSVKCAITKKC
pep_236,LALALALALALALALALALALA
pep_237,KWCRKWQWRGVKFIKCV
pep_238,GASCGETCFTGICFTAGCSCNPWPTCTRN
pep_239,GLPLFLKKLGSAV
pep_240,CHHNATHAC
pep_241,IVPFLLGMVPKLVCLITKKC
pep_242,RFLKHLHTYYERAWHVIGHL
pep_243,FKSWSFCTPGCAKTGSFNSYCC
pep_244,FAKLLAKLAKKVL
pep_245,GLFAVIKKVASVIGGL
pep_246,FLPLILRKIVTAL
pep_247,GIFKDTLKKVVAAVLTTVADNIHPK
pep_248,ITCPQVTQSLAPCVPYLISG
pep_249,FHAWAKLLKGVGRFFKGIGRW
pep_250,GLFDKWAWWRWRR
pep_251,QAGGQTCPGGICCSQWGYCGTTADYCSPNNNCQSNCWASG
pep_252,GRLIDKIARKLVKKIQRFARKFF
pep_253,KGCALVKVRGLTLKVCK
pep_254,GIINTLQKYYCRVRGGRCAVLSCLPKEEQIGKCSTRGRKCCRRKK
pep_255,GFCWRVCASRNGLRVCYRRCN
pep_256,VVEQYNQTILNLTSEISTLENKSAELNYTVQKLQTLIDNINSTLVDLKWL
pep_257,IPPFIKKVLTTVF
pep_258,FLGALFKVASKVLPSVFCAITKKC
pep_259,FLPLLASLFSRLL
pep_260,ALWKEVLKNAGKAALNEINNLVQ
pep_261,AFLYRLTRQIRPWWRWLYKW
pep_262,KSCCKNTTGRNIYNTCRFAGGSRERCAKLSGCKIISASTCPSDYPK
pep_263,WPKRLTKAHWFEIQHIQPSPLQSNRAMSGINNYTQHSKHQNTFLH
pep_264,KAAKKWAKAAKKAAKAWKKAA
pep_265,FKVKFKVKVK
pep_266,KWKLF
pep_267,KSCCPNTTGRNIYNTCRFGGGSREVCARISGCKIISASTCPSDYPK
pep_268,VNYGNGVSCSKTKCSVNWGQAFQERYTAGINSFVSGVASGAGSIGRRP
pep_269,FASLLGKALKALAKQ
pep_270,HHPHG
pep_271,SWLRDIWDWICEVLSDFK
pep_272,FRRFFKWFRRFFKFF
pep_273,ELPKLPDDKVLIRSRSNCPKGKVWNGFDCKSPFAFS
pep_274,MWKWFHNVLSSGQLLADKWWAWWYNWW
pep_275,GLPICGETCVGGSCNTPGCSCSWPVCTRN
pep_276,FLPLIGKILGTIL
pep_277,EKKPPRPPQWAVGHFM
pep_278,RPPQFTRAQWFAIQHISLNPPRSTIAMRAINNYRWRSKNQNTFLR
pep_279,FLKLLKKLAAKFL
pep_280,GLKKLLGKLLKKLGKLLLK
pep_281,AQRCGDQARGAKCPNCLCCGKYGFCGSGDAYCGAGSCQSQCRGCR
pep_282,RRRPRPPYLPRPRPPPFFPPRLPPRIPPGFPPRFPPRFP
pep_283,ETCASRCPRPCNAGLCCSIYGYCGSGAAYCGAGNCRCQCRG
pep_284,GMWKKILGHLIR
pep_285,KWKSFLKTFKSLKKTVLHTLLKAISS
pep_286,CYCRIPACIAGERRYGTCIYQGRLWAFCC
pep_287,FLSAIVGMLGKLF
pep_288,FLSLIPHAISAVSALAKHL
pep_289,CAHNLTHAC
pep_290,GSVIKCGESCLLGKCYTPGCTCSRPICKKD
pep_291,ALYKKFKKKLLKSLKRL
pep_292,FAKLWAKLAFGKGIGKVGKKLL
pep_293,GLLEALAELLEGRKKRRQRRRPPQ
pep_294,FLFSLIPSVIAGLVSAIRN
pep_295,ACYCRIPACIAGERRYGTCIYQGRLWAFCC
pep_296,FLSAITSILGKFF
pep_297,CSTNTFSLSDYWGNNGAWCTLTHECMAWCK
pep_298,GFSSIFRGVAKFASKGLGKDLAKLGVDLVACKISKQC
pep_299,FAKKLAKALL
pep_300,AVLDILKDVGKGLLSHFMEKV
pep_301,QVLKKVRTWYRKAFHVIGKV
pep_302,IRKLKSWKWLRWL
pep_303,RKRKLILILIKRKR
pep_304,GLEKRKRKFFNKIKFK
pep_305,QVFKKFRPFYRRPWELFGKL
pep_306,GIIKKIIKKIIKKIIKKI
pep_307,PAWFKARRWAWRMLKKAA
pep_308,GAFLKCGESCVYLPCLTTVVGCSCQNSVCYRD
pep_309,VNWKKILAKIIKVVK
pep_310,FLGVVFKLASKVFPAVFGKV
pep_311,FAKKLAKKLKKLAKLALAK
pep_312,KWKSFLKTFKSAKKTVLHTALKAISS
pep_313,FAKLLAKALKKFAL
pep_314,GVVKKVVKKVVKKV
pep_315,FLGALIKGAIHGGRFIHGMIQNHH
pep_316,NHFTLKCPKTALTEPPTLAY
pep_317,FLKALWKVAKSVF
pep_318,GLFDIVKKVLKLLK
pep_319,AAVALLPAVLLALLAPQLGKKKHRRRPSKKKRHW
pep_320,KAYARIGNSYFK
pep_321,AWKKWAKAWKWAKAKWWAKAA
pep_322,KLWKKIEKLIKKLLTSIR
pep_323,GLFDIVKKIAGHIAGSI
pep_324,KRFKKFFKKLKNSVKKRAKKFFKKPKVIGVTFPF
pep_325,GVITDALKGAAKTVAAELLKKAHCKLTNSC
pep_326,VNWKKIILGKIIKVVK
pep_327,KRIRFFERIRDRLRDLGNRIKNRIRDFFS
pep_328,FAKLLAKLAK
pep_329,RRGCFRVCYRGFCFQRCR
pep_330,GFKRIVQRIKDFLRNLV
pep_331,DHYNCVSSGGQCLYSACPIFTKIQGTCYRGKAKCCK
pep_332,GLFAVIKKVAKVIKKL
pep_333,RRRVVVVVRRR
pep_334,KWKLFKKIPKFLHLA
pep_335,RWKLFKKIEKVGRNVRDGLIKAGPAIAVIGQAKSLGK
pep_336,TFKRKNGSRKNGHRPGGYSLIALGNKKVLKAPYMESI
pep_337,LGGIVSAVKKIVDFLG
pep_338,GFCRCLCRRGVCRCICTR
pep_339,ALWKTIIKGAGKMIGSLAKNLLGSQAQPES
pep_340,ALWKSLLKNVGKAAGKAALNAVTDMVNQ
pep_341,YGRKKRRQRRRREADFFWSLCTADMS
pep_342,TRSRWRRFIRGAGRFARRYGWRIA
pep_343,GFGCPGNQLKCNNHCKSISCRAGYCDAATLWLRCTCTDCNGKK
pep_344,LKLKSIVSWAKKVL
pep_345,EQCGRQAGGKLCPNNLCCSQWGWCGSTDEYCSPDHNCQSNCKD
pep_346,GFGCNGPWDEDDMQCHNHCKSIKGYKGGYCAKGGFVCKCY
pep_347,FALLKALLKKAL
pep_348,WAIVLL
pep_349,FDIVKKIAGHIAGSI
pep_350,HTLLTPRR
pep_351,GFMDTAKNVAKNVAVTLLDKLKCKITGGC
pep_352,LRKVRRLLRRL
pep_353,DILTFEHYWAQLTS
pep_354,KWFKKIPKFLHLLKKF
pep_355,DVQCGEGHFCHDQTCCRASQGGACCPYSQGVCCADQRHCCPVGF
pep_356,GFLDIINKLGKTFAGHMLDKIKCTIGTCPPSP
pep_357,ADTLACRQSHQSCSFVACRAPSVDIGTCRGGKLKCCKWAPSS
pep_358,KTMMQSGGTFGTFMAIGMGIR
pep_359,FALALKAKKL
pep_360,GFWSSVWDGAKNVGTAIIKNAKVCVYAVCVSHK
pep_361,DDTPSSRCGSGGWGPCLPIVDLLCIVHVTVGCSGGFGCCRIG
pep_362,FLPMLAGLAASMVPKFVCLITKKC
pep_363,KILRGVSKKIMRRILTGKK
pep_364,DLIWKLLVKAQEKFGRGKPSKRVKKMRRQWQACKSSHHHHHH
pep_365,FIITGLVRGLTKLF
pep_366,FLLFPLMCKIQGKC
pep_367,FFPNVASVPGQVLLKKIFCAISKKC
pep_368,GKWLSLLKHILK
pep_369,FKRIVQRIKDFLRNLV
pep_370,FLSLIPHAINAVGVHAKHF
pep_371,FLIGMTQGLICLITRKC
pep_372,LWKRWVGVWRKWL
pep_373,GIGKFLHSAKKFGKAFVGEIMNS
pep_374,VNWKKVLGKVVKVVK
pep_375,FLPVILPVIGKLLSGIL
pep_376,ATCDLLSKWNWNHTACAGHCIAKGFKGGYCNDKAVCVCRN
pep_377,LPRRNRWSKIWKKVVTVFS
pep_378,APPGARPPPGPPPPGPPPPGP
pep_379,PAARKAARWAWRMLKKGA
pep_380,FAKKLAKKLAKAL
pep_381,EADEPLWLYKGDNIERAPTTADHPILPSIIDDVKLDPNRRYA
pep_382,IVRRADRAAVP
pep_383,FALALKALKKA
pep_384,KWKVFKKIEKMGRNIRNGIVKAGPAIAVLGEAKAL
pep_385,FLKWLFKWAKK
pep_386,GRRRRSVQWCAVSQPEATKCFQWQRNMRKVRGPPVSCIKRDSPIQCIQA
pep_387,LLRHVVKILSKYL
pep_388,GFKGAFKNVMFGIAKSAGKSALNALACKIDKSC
pep_389,FLSIIAKVLGSLF
pep_390,ELCEKASKTWSGNCGNTGHCDNQCKSWEGAAHGACHVRNGKHMCFCYFNC
pep_391,IGKEFKRIVQRIKDFLRNLVPRTES
pep_392,GIKIAKKAITIAKKIAKIYW
pep_393,ILSLRWRWKWWKK
pep_394,GFGSLLGKALRLGANVL
pep_395,GEWYNQTKDLQQKFYEIIMDIEQNNVQGKKGIQQL
pep_396,ARLKKCFNKVTGYCRKKCKVGERYEIGCLSGKLCCAN
pep_397,FFGAIAAALPHVISAIKNAL
pep_398,KRFKKFFKKVKKSV
pep_399,FMPILSCSRFKRC
pep_400,VAKKLAKLAKKLLAL
pep_401,HLLKKWRTWLRKAWHIVGKV
pep_402,FALALKALKKL
pep_403,RAGLQFPVGRLLRRLLRRLLR
pep_404,GLFDVIKKVASVIKKL
pep_405,CIAKGNGCQPSGVQGNCCSGHCHKEPGWVAGYCK
pep_406,LTVSPWYGCGQLGKKKHRRRPSKKKRHW
pep_407,ACIKNGGRCVASGGPPYCCSNYCLQIAGQSYGVCKKH
pep_408,FLPLLLAGLPLKLCFLFKKC
pep_409,LPKWKVFKKIEKVGRNIRNGIVKAGPAIAVLGEAKALG
pep_410,FVDLKKIANIINSIFGK
pep_411,RGDLLRHVVKILSKYL
pep_412,GRRKRKWLRRIGKGVKIIGGAALDHL
pep_413,LHQNIVDVQYMYGLS
pep_414,FFGSVLKVAAKVLPAALCQIFKKC
pep_415,KPKGMTSSQWFKIQHMQPSPQASNSAMKNINKHTKRSKDLNTFLH
pep_416,GLPTCGETCTLGKCNTPKCTCNWPICYKD
pep_417,KWKLFKKALKKLKKALKKAL
pep_418,DYPKLTFTTS
pep_419,FAKLLAKLAKKIL
pep_420,FLFKLIPKAIKGLVKAIRK
pep_421,GLPICGETCVGGTCNTPGCSCSWPVCTRN
pep_422,FAKLAKKLL
pep_423,RQIKIWFQNRRMKWKK
pep_424,ALFGILKKAFGKILTIFAGLPGVV
pep_425,ALKAALLAILKIVRVIKK
pep_426,FLSLIPHIVSGVAALAKHL
pep_427,GETFDKLKEKLKTFYQKLVEKAEDLKGDLKAKLS
pep_428,GFGCPWNRYQCHSHCRSIGRLGGYCAGSLRLTCTCYRS
pep_429,GLPVCGETCVGGTCNTPGCGCSWPVCTRN
pep_430,GRENYHGCTTHWGFTLC
pep_431,YAIDTILLEIKNINAD
pep_432,FLSLIPKIAGGIAALAKHL
pep_433,GCSRWIIGIHGQICRD
pep_434,DVKGMKKAIKGILDCVIEKGYDKLAAKLKKVIQQLWE
pep_435,FFGSVLKLIPKIL
pep_436,FFKLIPKLVKGLISAFK
pep_437,FFRLLFHGVHHVGKIKPRA
pep_438,DCLSGKYKGPCAVWDNEMCRRICKEEGHISGHCSPSLKCWCEGC
pep_439,FLSLALAALPKFLCLVFKKC
pep_440,FLSMIPHIVSGVAALAKHL
pep_441,KKLALALAKKWLALAKKLALALAKK
pep_442,EFELDRICGYGTARCRKKCRSQEYRIGRCPNTYACCLRKWDESLLNRTKP
pep_443,FLGPTIGKIAKFILKHIVGLGDAALV
pep_444,AKCIKNGKGCREDQGPPFCCSGFCYRQVGWARGYCKNR
pep_445,AVPDVAFNAYG
pep_446,GFALAGLARILCLWFREFSGFFRRLNRRFAMRRR
pep_447,QICKAPSQTFPGLCFMDSSCRKYCIKEKFTGGHCSKLQRKCLCTKPC
pep_448,ATCYCRTGRCATRESLSGVCEISGRLYRLCCR
pep_449,GRMQEFIKKLKAYLRKMKEKFSQIS
pep_450,FAKFLAKFLKKAL
pep_451,AVRIGPCDQVCPRIVPERHECCRAHGRSGYAYCSGGGMYCN
pep_452,RRRFFFFFRRR
pep_453,GCRRLCWRQRCVTWCRGR
pep_454,RWFKIQMQIRRWKNKK
pep_455,KKKFPWWWPFKKK
pep_456,GVPICGETCTLGTCYTAGCSCSWPVCTRN
pep_457,FLPLLISALTSLFPKLGK
pep_458,ACNFQSCWATCQAQHSIYFRRAFCDRSQCKCVFVRG
pep_459,FALALKLKKL
pep_460,AACARFIDDFCDTLTPNIYRPRDNGQRCYAVNGHRCDFTVFNTNNGGNPIRASTPNCKTVLRTAANRCPTGGRGKINPNAPFLFAIDPNDGDCSTNF
pep_461,GKFMSLLKHILK
pep_462,AREASKSLIGTASCTCRRAWICRWGERHSGKCIDQKGSTYRLCCRR
pep_463,GSGSGSGSLKKIFKKPMVIGVTIPF
pep_464,FIHHIFRGIVHAGRSIGRFLTG
pep_465,FAFAKIIAKIAKKII
pep_466,GAWKNFWSSLRKGFYDGEAGRAIRR
pep_467,FLPFIARLAAKVFPSIICSVTKKC
pep_468,FAKLLKLAAKKLL
pep_469,FLFSLIPHAIGGLISAFK
pep_470,NKWKKILGKIIKVVK
pep_471,GTFPCGESCVFIPCLTSAIGCSCKSKVCYKN
pep_472,KWWKKAAKAAKKAAKAAKKWA
pep_473,FIHHIIGWISHGVRAIHRAIH
pep_474,RYRRKKKMKKALQYIKLLKE
pep_475,ATCDLLSGTGVKHSACAAHCLLRGNRGGYCNGRAICVCRN
pep_476,FTILKKLKSFIK
pep_477,FLPLKKLRFGLL
pep_478,GRKKRRQRRR
pep_479,HRIRQLKTTIKKFWEIWPKI
pep_480,ELLVDLL
pep_481,FLPLIAGLIGKLF
pep_482,CHANLTHAC
pep_483,PRFWEYWLRLAE
pep_484,GFSPNLPGKGLRIS
pep_485,FLKAIKKFGKEFKKIGAKLK
pep_486,GLMSSIGKALGGLIVDVLKPKTPAS
pep_487,KKKKKEGKKQ
pep_488,FKLRAKIKVRLRAKIKL
pep_489,RFLKHFKTVYKRYWKVLGRL
pep_490,GIIKKIIIKKI
pep_491,EVWRLAEFLAMPP
pep_492,SIFSLFKMGAKALGKTLLKQAGKAGAEYAACKATNQC
pep_493,LVPCLPGC
pep_494,GLFDIVKKVVGAIGSL
pep_495,FALAAKALKKLAKKLKKLAKKAL
pep_496,KKWRKWLKWLAKK
pep_497,GIGGKILSGLKTALKGAAKELASTYLH
pep_498,RKAFRWAWRMLKKAAPSITCVR
pep_499,GFKMALKLLKKVL
pep_500,LLGDFKRIVQRIKDF
pep_501,RKKAIKLVKKLVKKLKKALK
pep_502,ILGTILGLLKGL
pep_503,ARSYGNGVYCNNKKCWVNRGEATQSIIGGMISGWASGLAGM
pep_504,FAKKALKALKKL
pep_505,IVIKSLGKFLKNVGGFAG
pep_506,GLLSVFKGVLKTAGKNVAKNVAGSLLDQLKCKISGGC
pep_507,GKWMSLLKHWLK
pep_508,GFLDSFKNAMIGVAKSVGKTALSTLACKIDKSC
pep_509,GLWGVIKALGGHVG
pep_510,DSIRDVSPTFNKIRRWFDGLFK
pep_511,LKCNKLVPLFYKTCPAGKNL
pep_512,SWKSMAKKLKEYMEKLKQRA
pep_513,IKLSPETKDNLKKVLKGAIKGAIAVAKMV
pep_514,WGRAFRRLVRRLARGLRR
pep_515,PKILNKILGKILRLAAAFK
pep_516,GIKHILFMAKTKLPRATCTAEIKENCDRKK
pep_517,CGESCAMISFCFTEVIGCSCKNKVCYLNSIS
pep_518,FLGAIAGVAAKFLPKVFCFITKKC
pep_519,KAQIRAMECNIL
pep_520,ILGKLLKTAAKLLSNL
pep_521,PAWRKAFRWAARMLKKAA
pep_522,MRGIRGADFQAFQQARAVGLAGTFR
pep_523,GLISTIWNTASNVAGTLTDSVKCKFKKC
pep_524,GYNYAKKLANLAKKFANALW
pep_525,GIPCAESCVWIPCTVTALVGCSCSDKVCYN
pep_526,FAKKLAKKLKKLAKKLAKLAKKL
pep_527,FFPIVAGVAGQVLKKIYCTISKKC
pep_528,GLPVCGETCTLGTCYTQGCTCSWPICKRN
pep_529,PNEVNRLAHLRLH
pep_530,FFGHLFKLATKIIPSLFQ
pep_531,FAKLLAKLAKKLL
pep_532,SPLGYGFAVRNSG
pep_533,GIKEMLCNMACAQTVCKKSGGPLCDTCQAACKALG
pep_534,FLPLLAGLAANFLPKIICKIARKC
pep_535,GLFDIVKKVVGALGSL
pep_536,KWKLFKKIPLAKKF
pep_537,MTLTG
pep_538,VAKFLAKFLKKAL
pep_539,NVWKKILGKIIKVVK
pep_540,PAWRKAARWAWRMLKKAA
pep_541,RLIKRLKTFVRKTWKWVGHF
pep_542,KLVKKLLKKYITF
pep_543,FAKKLAKKLL
pep_544,KWFKIQLQIKKWKNKK
pep_545,DDKPDKPDDKPDDSGKDPKPDFPKFLSLLGTEIIENAVEFILRSMSRSTGFMEFDDNEGKHSSK
pep_546,FASGIAGMAGKLF
pep_547,VRRFPWWWPFLRR
pep_548,RKLILKRKRILIKR
pep_549,HLRRINKLLTRIGLYRHAFG
pep_550,ILGPVLGLVSDTLDDVLGIL
pep_551,AWKLFDDGV
pep_552,RYPAGLPFL
pep_553,RWKIFKKIEKMGRNIRDGIVKAGPAIEVLGSAKAIGK
pep_554,GVSGHGQHGVHG
pep_555,FLPIALKALGSIFPKIL
pep_556,KTKLFKKFAKKLAKKLKKLAKKL
pep_557,AKIPIKAIKTVGKAVGKGLRAINIASTANDVFNFLKPKKRKA
pep_558,VYWKKILGKIIKVVK
pep_559,FLPLLAGLAANFLPTIICKISYKC
pep_560,WGEAFSAGVHRLANGGNG
pep_561,FLKGIKGMLGKLL
pep_562,FLGSIVGALASALPSLISKIRN
pep_563,AAKPMGITCDLLSLWKVGHAACAAHCLVLGDVGGYCTKEGLCVCKE
pep_564,KWKLFKKIPFLHLAKKF
pep_565,VRRFKWWWKFLRR
pep_566,AVDLAKIANKVLSSLF
pep_567,ALWKTLLKNVGKAAGKAALNAVTDMVNQ
pep_568,ATCDLASGFGVGSSLCAAHCIARRYRGGYCNSKAVCVCRN
pep_569,GIPCAESCVWIPCTITALMGCSCKNNVCYNN
pep_570,FLSAIASMLGKFL
pep_571,FAKLLAKLAKKFAL
pep_572,FLGALAKIISGIF
pep_573,DTVACRIQGNFCRAGACPPTFTISGQCHGGLLNCCAKIPAQ
pep_574,VAKKFAKKFKKFAKKFAKFAFAF
pep_575,GKPRPYSPRPTSHPRPIRV
pep_576,FALALKALKKLLKKLKKLAKKAL
pep_577,FKCRRWQWRMKK
pep_578,ESVFSKIGNAVGPAAYWILKGLGNMSDVNQADRINRKKH
pep_579,GLFKIISKLAKKA
pep_580,VNWKKILGKIIKVAK
pep_581,KWKLFKKIPHLAKKF
pep_582,FLPFIAGMAAKFLPKIFCAISKKC
pep_583,QIIKKVRTWIKKAWHLIGKI
pep_584,GIMDTIKGAAKDLAGQLLDKLKCKITKC
pep_585,TILLEIKNINAD
pep_586,FAKKLAKKLAKAAL
pep_587,ILRWKWRWWRWRR
pep_588,PMPVSQECFETLRGHERILSILRHQNLLKELQDLALQGAKERAHQQ
pep_589,PPPEE
pep_590,FFFLSRIF
pep_591,ATRVVYCNRRSGSVVGGDDTVYYEG
pep_592,SDGGAQDCCLKYSQRKIPAKVVRSYRKQEPSLGCSIPAILFLPRKRSQAELCADPKELWVQQLMQHLDKTPSPQKPAQGCRKDRGASKTGKKGKGSKGCKRTERSQTPKGP
pep_593,FFPLIFGALSSILPKIL
pep_594,KPWRFRRAIRRVRWRKVAPYIPFVVKTVGKK
pep_595,DYDWSLRGPPKCATYGQKCRTWSPRNCCWNLRCKAFRCRPR
pep_596,FVKLKKILNIINSIFKK
pep_597,KKLIKVWAKGFKKAKKLFKGIG
pep_598,PMLRVRLASHLRKLRKRLLR
pep_599,GNFRYLAPP
pep_600,KKLALLALKKWLLALKKLALLALKK
pep_601,GTLPCGESCVWIPCISSVVGCACKSKVCYKD
pep_602,GSIPCGESCVFIPCISAVIGCSCSNKVCYKN
pep_603,LKLSPKTKDTLKKVLKGAIKGAIAIASMA
pep_604,AVLDFIKAAGKGLVTNIMEKVG
pep_605,GMWKKILGKLIR
pep_606,KAAKKAWKAAKKAWKAAKKAA
pep_607,GVPCGESCVFIPCITGVIGCSCSSNVCYLN
pep_608,CIKNGNGCQPNGSQNGCCSGYCHKQPGWVAGYCRRK
pep_609,INLKILARLAKKIL
pep_610,LLAGLAANFLPTIICKISYKC
pep_611,FLGMIPKLIKKLIKAFK
pep_612,FAKKLAKKLKKLAKKLIGAVLKV
pep_613,FIGLLISAGKAIHDLIRRRH
pep_614,GEFLKCGESCVQGECYTPGCSCDWPICKKN
pep_615,FALGAVTCLIRTKCKVLPKLF
pep_616,FKCRRWQWRMKKLGAPSITCVR
pep_617,SPRVRRRYGRPFGGRPFVGGQFGGRPGCVCIRSPCPCANYG
pep_618,MQFITDLIKKAVDFFKGLFGNK
pep_619,KAQIRAMECNILGRKKRRQRRR
pep_620,LALERRSGWLRLFGLKPRRKH
pep_621,EEEEEEEEEEKKRLKKIFKKPMVIGVTIPF
pep_622,GLFDVIKKVASVIGPLG
pep_623,KQLIRFLKRLDRNGGGKLLLKLLKKLLKLLKKK
pep_624,FLPIVAKLLSGLL
pep_625,GSIPCGESCVFIPCISSVIGCACKSKVCYKN
pep_626,GMFTNMLKGIGKLAGKAALGAVKTLA
pep_627,RKGWFKAMKSIAKFIAKEKLKEHL
pep_628,KTCENLADTY
pep_629,GLFDKLKSLVSDF
pep_630,GLFSVVKGVLKGVGKNVSGSLLDQLKCKISGGC
pep_631,WRAWAKIYHGVGKLLKGVGRW
pep_632,YPFPG
pep_633,VNWRRILGRIIRVVR
pep_634,LLGMIPLAISAISALSKL
pep_635,ATCDLLSGFGVGDSACAAHCIARGNRGGYCNSKKVCVCPI
pep_636,RSKKWRKIEKRVKKIFEKTKEALPVIQGVATIVGAVGR
pep_637,FAKLFAKLAKKFAL
pep_638,CKQSCSFGPFTFVCDGNTK
pep_639,WKKIPKFLHLLKKF
pep_640,GVLGAVKDLLIGAGKSAAQSVLKTLSCKLSNDC
pep_641,FAKLLAKALKKLL
pep_642,AAKKWAKAKWAKAKKWAKAA
pep_643,KWKFKKIPKFLHLAKKF
pep_644,ILRWPWWPWRRK
pep_645,FLGALFKALSKLL
pep_646,VAKLLAKALKKLL
pep_647,FLFSLIPNAISGLLSAFK
pep_648,GLFGKLIKKFGRKAISYAVKKARGKH
pep_649,RKKRRQRRR
pep_650,RTCQSQSHRFRGPCLRRSNCANVCRTEGFPGGRCRGFRRRCFCTTHC
pep_651,FVPAILCSILKTC
pep_652,GIPCGESCVFIPCITAAIGCSCKSKVCYRN
pep_653,KSCCRNTWARNCYNVCRLPGTISREICAKKCDCKIISGTTCPSDYPK
pep_654,WHSDMEWWYLLG
pep_655,AMVGT
pep_656,LTVSPWYGCGQLGRRRHRRRPSRRRRHW
pep_657,GARELRRLERELRRLEGGGGGGGKLAALKFKLLWLKLAC
pep_658,FLSLALAALPKLFCLIFKKC
pep_659,RWCVYAYVRVRGVLVRYRRCW
pep_660,CLGIGSCNDFAGCGYAVVCFW
pep_661,ACYCRIPACLAGERRYGTCFYRRRVWAFCC
pep_662,GLPVCGETCFGGTCNTPGCSCDPWPMCSRN
pep_663,GSSSGRGDSPA
pep_664,IRAWAKVLKGVGKILKGVGRW
pep_665,FLGGLMKIIPAAFCAVTKKC
pep_666,FLIGMTHGLICLISRKC
pep_667,KWKLFKKIGIGKFLHSAKKF
pep_668,FLPLFASLIGKLL
pep_669,GIGKFLKKAKKGIGAVLKVLTTGL
pep_670,ALWKDILKNVGKAAGKAVLNTVTDMVNQ
pep_671,EPNPDEFFGLM
pep_672,GLFDIVKKVVGAFGSL
pep_673,GLPQIISKVVKT
pep_674,FALKALKKLKKALKKAL
pep_675,QNQSANQFQKEISQINEVLTTTNTSLGKLQDDVNQNNQSLNTLQKE
pep_676,GRKKRRQRRRGALWKSLLKNVGKA
pep_677,GFWARIGKVFAAVKNL
pep_678,FLGALFKALSHLL
pep_679,FALALKALKKLAKKLKKLAKKAL
pep_680,GFLDTFKNLALNAAKSAGVSVLNSLSCKLFKTC
pep_681,GWFDILKHVFRLLK
pep_682,CFQWKRAMRKVR
pep_683,GLFDIVKKVVGTLAGL
pep_684,GLFDVIKAVASVIGGL
pep_685,FLFPLITSFLSKVL
pep_686,FIHHIIGGLFSVGKHIHSLIHGH
pep_687,LTVSPWYGCGKLAKLAKKLAKLAK
pep_688,FALALKALKKAL
pep_689,ALWKDILKNAGKAALNEINQLVNQ
pep_690,KWKLFKKIGIGKFLHSATTF
pep_691,FAKLLAKLAKKAA
pep_692,ILPWKWPWWPWRR
pep_693,FLHHIVGLIHHGLSLFGDRAD
pep_694,RRRRRRRRGEDIIRNIARHLAQVGDSMDR
pep_695,FLGALFKVASKLVPAAICSISKKC
pep_696,FLFKLIPKVIKGLVKAIRK
pep_697,FLPIVTNLLSGLL
pep_698,LKKLAKLALAF
pep_699,PMKKLKLALRLAAKIAPVW
pep_700,KILRGVCKKIMRTFLRRISKDILTGKK
pep_701,GLFDVVKGVLKGVGKNVAGSLLEQLKCKLSGGC
pep_702,GKWKKILGHLIR
pep_703,CETPSKHFNGLCIRSSNCASVCHGEHFTDGRCQGVRRRCMCLKPC
pep_704,GLFDIWKWWRWRR
pep_705,FVKLKKILNIILSIFKK
pep_706,GLFGVLAKVASHVVPAIAEHFQA
pep_707,CLAGRLDKQCTCRRSQPSRRSGHEVGRPSPHCGPSRQCGCHMD
pep_708,GFGCPFNQYECHAHCSGVPGYKGGYCKGLFKQTCNCY
pep_709,FLRFIGSVIHGIGHLVHHIGVAL
pep_710,KKLFKKILKYLKKL
pep_711,KWKLFKKIEKVGQNIRDGIIKAGPAVAVVGQATQIAK
pep_712,THRPPMWSPVWPGGGKLLLKLLKKLLKLLKKK
pep_713,KRKILILILIKRK
pep_714,GLPLCGETCVGGTCNTPGCSCGWPVCVRN
pep_715,FLSLIPKLVKKIIKAFK
pep_716,RRRYIGRYVRFWK
pep_717,KWKLFKKIGPGKFLHSAKKF
pep_718,FALALKALKKALKKLKKALKKAL
pep_719,FIGAIARLLSKIF
pep_720,RGDLLRHVVKILEKYL
pep_721,KWKLFKKIPKFLHLAKKF
pep_722,KWKLFKKIGIGAFLHLAKKF
pep_723,GIGKFLKKAKKFAKAFVKMNN
pep_724,PAWRKARRWAWRMKKLAA
pep_725,GKWMSLLKKILK
pep_726,FLSAITSLLGKLL
pep_727,GFGSKPLDSFGLNFF
pep_728,GFCWYVCARRNGARVCYRRCN
pep_729,SQLGDLGSGAGQGGGGGGSIRAAGGAFGKLEAAREEEFFYKKQKEQLERLKNDQIHQAEFHHQQIKEHEEAIQRHKDFLNNLHK
pep_730,GARELRRLERELRRLEKGGGGGGKLAALTFEHYWAQLTSC
pep_731,RYLGYL
pep_732,FMGSALRIAAKVLPAALCQIFKKC
pep_733,RLVSYNGIIFFLK
pep_734,RKIKRYLRRMI
pep_735,IPLLRKGKKIIWW
pep_736,GLFDVIAKVASVIKKL
pep_737,FLPIVGRLISGIL
pep_738,FLSLLPHIASGIASLVSKF
pep_739,KRFKQDGGASHASPASS
pep_740,QKQIANQFNKAISQIQESLTTTSTALGKLQDVVNQNAQALNTLVKQ
pep_741,FAKIIAKIAKIAKKIL
pep_742,AANFGPSVFTPEVHETWQKFLNVVVAALGKQYH
pep_743,GIGAVLKVLTTGLPALISWIKRKRQQ
pep_744,LIAGLAANFLPQILCKIARKC
pep_745,KREDFLDQIIRDFRNFIYQKYRRLRDEFRKLRDILSG
pep_746,ALWKDLLKNVGIAAGKAALNKVTDMVNQ
pep_747,VAKKLAKLAKKLAKLALAL
pep_748,GVPVCGETCFGGTCNTPGCSCDPWPVCSRN
pep_749,KWKVFKKIEKMGRNIRNGIVKAGPKWKVFKKIEK
pep_750,WLWKAIWKLLT
pep_751,GIPCGESCVFIPCLTSAIDCSCKSKVCYRN
pep_752,FLGWLFKWAWK
pep_753,FAKLAKKALAKLL
pep_754,KSSAYSLQMGATAIKQVKKLFKKWGW
pep_755,GIPCAESCVWIPPCTITALMGCSCKNNVCYNN
pep_756,GCASRCKAKCAGRRCKGWASASFRGRCYCKCFRC
pep_757,FALAKLAKKAKAKLKKALKAL
pep_758,FLPIIASVAAKVFSKIFCAISKKC
pep_759,KRAKAAGGWSHWSPWSSC
pep_760,FVLPLVMCKILRKC
pep_761,KWKSFAKTFKSAKKTVLHTALKAISS
pep_762,FLGWLFKWASK
pep_763,GLVMLVKKAGLT
pep_764,KWKVFKKIEKKWKVFKKIEKAGPKWKVFKKIEK
pep_765,FALA
pep_766,GIGKFLKKAKKFGKAFVKILKK
pep_767,RQIRIWFQNRRMRWRR
pep_768,GLWSKIKEVGKEAAKAAAKAAGKAALGAVSEAV
pep_769,GLFVGVLAKVAAHVVPAIAEHF
pep_770,FLPKTLRKFFCRIRGGRCAVLNCLGKEEQIGRCSNSGRKCCRKKK
pep_771,FGLPMLSILPKALCILLKRKC
pep_772,GLPVCGETCFGGTCNTPGCTCDPWPVCTRN
pep_773,FAKLLAKLAKAKL
pep_774,KLAKLAK
pep_775,IFKAIWSGIKSLF
pep_776,VCSCRLVFCRRTELRVGNCLIGGVSFTYCCTRV
pep_777,GSIPCEGSCVFIPCISAIIGCSCSNKVCYKN
pep_778,GIFKVLKNLAKGVITSLKS
pep_779,FKVQNQHGQVVKIFHH
pep_780,FRRPFKWPRRFFKFF
pep_781,GLPLLISWIKRKRQQAGPGSKKPVPIIYCNRRTGKCQRM
pep_782,GRFKRFRKKFKKLFKKLSPVIPLLHL
pep_783,FAKGVGKVGKKAL
pep_784,SGRGKTGGKARAKAKTRSSRAGLQFPVGRVHRLLRKGNYAQRVGAGAPVY
pep_785,KISKRILTGKK
pep_786,ITKVITKLLNRLTKILSK
pep_787,FAVGLRAIKRALKKLRRGVRKVAKDL
pep_788,FFPIGVFCKIFKTC
pep_789,KWKLFKKIKFLHSAKKF
pep_790,DFGCGQGMIFMCQRRCMRLYPGSTGFCRGFRCMCDTHIPLRPPFMVG
pep_791,KAKAKAVSRSARAGLQFPVGRIHRHLK
pep_792,GMWSKILGKLIR
pep_793,RGGRLCYCRRRFCVCVGR
pep_794,ACVNQCPDAIDRFIVKDKGCHGVEKKYYKQVYVACMNGQHLYCRTEWGGPCQL
pep_795,ASVVNKLTGGVAGLLK
pep_796,APAGLVAKFGRPIVKKYYKQIMQFIGEGSAINKIIPWIARMWRT
pep_797,GNNRPVYIPQPRPPHPRL
pep_798,CCTAAGCCCTTGTGGTGTGT
pep_799,HGVSGHGQHGVHG
pep_800,KWKSFLKTFKSAKKTVAHTAAKAISS
pep_801,RALWGLQH
pep_802,FNRGGYNFGKSVRHVVDAIGSVAGILKSIR
pep_803,GLPVCGETCFGGTCNTPGCSCETWPVCSRN
pep_804,GLPVCGETCFGGTCNTPGCSCTWPICTRD
pep_805,FAKKLAKLAKKLAKLAL
pep_806,LDLSDEMAMLQEVVKQLNDSYIDLKELGNYTYYNKW
pep_807,FLPIIGKLLSGLL
pep_808,INLKKLAARIKKKI
pep_809,GMWSKIKNAGKAAAKAAAKAAGKAALDAVSEAI
pep_810,PAWFKARRWAWRMKKLAA
pep_811,VALALKALKKL
pep_812,LLRHVVKILEKYL
pep_813,FLGTVLKLGKAIAKTVVPMLTNAMQPKQ
pep_814,KRIVARIKAFLR
pep_815,FLKKLMGVIASLF
pep_816,SIGAKILGGVKTFFKGALKELASTYLQ
pep_817,LRLRLRLRLRLRLRLRLR
pep_818,ERRP
pep_819,KILKRLAAKIKKIL
pep_820,VAKLLAKLAKKVL
pep_821,GFGCPNDYPCHRHCKSIPGRAGGYCGGAHRLRCTCYR
pep_822,FLSSIGKILGNLL
pep_823,KWKLFKKILKFLHLAKKF
pep_824,RLFDKIRQVIRKF
pep_825,KLLLKLLKKLLKLLKKK
pep_826,EKKCPGRCTLKCGKHERPTLPYNCGKYICCVPVKVK
pep_827,FWGALAKGALKLIPSLFSSFSKKD
pep_828,AKWVGDLTLCRWR
pep_829,ECRRLCYKQRCVTYCRGR
pep_830,FLPIVAKLLSGLLGRKKRRQRRR
pep_831,FAKKLAKKLKKLAKKLAKKWKL
pep_832,GLFDIVKKIAGHIVSSI
pep_833,GGLRSLGRKILRAWKKYGPIIVPIIRIG
pep_834,FLPVIAGVAAKFLPKIFCAITKKC
pep_835,GFKDLLKGAAKALVKTVLF
pep_836,GFGSKPIDSFGLSWL
pep_837,GVGSPYVSRLLGICL
pep_838,VNWKKILGKIKKVVK
pep_839,SRSCLIVCQRLF
pep_840,FAKKLAKKLAKLAL
pep_841,NFAEIFAAVNKLIKQGVVKG
pep_842,LKKLLKKLLKKLLKKLLKKLLKKLLKKLLKKL
pep_843,KLKNFAKGVAQSLLNKASCKLSGQC
pep_844,KLCGETCFKFKCYTPGCSCSYPFCK
pep_845,LGFWGLPH
pep_846,FLGLLFHGVHHVGKWIHGLIHGHH
pep_847,FISAIASFLGKFL
pep_848,LRVRLASHLRKLRKRLLRDADDLQKRLAVY
pep_849,CSCRTSSCRFGERLSGACRLNGRIYRLCC
pep_850,GKWMSLLKHIWK
pep_851,CHHNLTHAC
pep_852,WKLFKKIPKFLHLAKKF
pep_853,FALALKLAKKL
pep_854,YKQCHKKGGKKGSG
pep_855,FAKKLKKLAKKL
pep_856,HARIKPTFRRLKWKYKGKFW
pep_857,KAAKKAWKAAKKAAKWWKKAA
pep_858,KFFKRLLKSVRRAVKKFRKKPRLIGLSTLL
pep_859,HHPHGHHPHGHHPHG
pep_860,GFKLKGMARISCLPNGQWSNFPPKCIRECAMVSS
pep_861,CAGAGTGGGAGAGGCAAGAC
pep_862,CHHNLAHAC
pep_863,FLWWLFKWAWK
pep_864,AGYLLGKINLKALAALAKKIL
pep_865,PGLGFY
pep_866,PDEDAINDALNKVCSTGRRQRSICKQLLKK
pep_867,YNKKYRYHLKSCKKADK
pep_868,KAAKKAWKAWKKAAKAAWKKAA
pep_869,TTGGTCCTTCAAGAGCTG
pep_870,GRKKRRQRRRGGWMWVTNLRTD
pep_871,GFGALFKFLAKKVAKTVAKQAAKQGAKYVVNKQME
pep_872,GLPVCGETCFTGTCYTNGCTCDPWPVCTRN
pep_873,HTMYYHHYQHHL
pep_874,FILPLIASFLSKFL
pep_875,RRRRWRWWRWWRR
pep_876,GLFDIVKKIAGHIASSI
pep_877,FAKLLAKFLKKAL
pep_878,GFFDLAKKVVGGIRNALGI
pep_879,MPFLFCNVNDVCNFASRNDYSCNYYSNSYSFWLASLNPER
pep_880,RRRLLLLLRRR
pep_881,GSGILILIKRK
pep_882,NLVSALIEGRKYLKNVLKKLNRLKEKNKAKNSKENN
pep_883,FAKKLAKKLAKLL
pep_884,ALWKNMLKGIGKLAGQAALGAVKTLVGA
pep_885,AALKGCWTKSIPPKPCFGKR
pep_886,KYYGNGVTCGKHSCSVDWGKATTCIINNGAMAWATGGHQGNHKC
pep_887,FIKWKFRWWKWRK
pep_888,GIMDTVKNAAKNLAGQLLDKLKCSITAC
pep_889,TCGTCCTGAGGAGAGAGAGC
pep_890,RGGRLCYCRGWICFCVGR
pep_891,KFAKKFAKKFAKKFAKKFAKKFAKKFAKKFAK
pep_892,FIVPSIFLLKKAFCIALKKC
pep_893,GILSSIKGVAKGVAKNVAAQLLDTLKCKITGC
pep_894,EPHPDEFVGLM
pep_895,KKAKKKAKKKAKKKAKKKAKKKAKKKAK
pep_896,GLLSVLGSVVKHVIPHVVPVIAEHL
pep_897,ATCDLLSGTGINHSACAAHCLLRGNRGGYCNGKAVCVCRN
pep_898,QYLRRVRTWLRRAWHILGKV
pep_899,ILPILSLIGGLLGK
pep_900,GLFDIVKKLVSDF
pep_901,ATCKAECPTWDSVCINKKPCVACCKKAKFSDGHCSKILRRCLCTKEC
pep_902,KKALKHALAKWLPALKALAHKLAKK
pep_903,AFTCHCRRSCYSTEYSYGTCTVMGINHRFCCL
pep_904,RFARRFARRFARRFARRFARRFARRFARRFAR
pep_905,FLPKMSTKLRVPYRRGTKDYH
pep_906,FLSLLPSIVSGAVSLAKKL
pep_907,FWGHIWNAVKRVGANALHGAVTGALS
pep_908,KAAKKAWKWAKKAAKWAKKAA
pep_909,KWFKKIPKFLHLAKKF
pep_910,KWKSFAKTFKSAKKTVAHTALKAISS
pep_911,EFTNVSCTTSKECWSVCQRLHNTSRGKCMNKKCRCYS
pep_912,TRGRWGRFKRRAGRFIRRNRWQIISTGLKLIG
pep_913,GANLAKKFYTYINKFINYAW
pep_914,RRRIIIIIRRR
pep_915,GADFQECMKEHSQKQHQHQG
pep_916,KWCFRVCYRGICYRRCR
pep_917,FALAKKALKKAKKAL
pep_918,KPPQFTWAQWFETQHINMTSQQSTNAMQVINNYQRRSKNQNTFLL
pep_919,TVVRRRGRSPRRRTPSPRRRRSQSPRRRRSQSRESQC
pep_920,LWKIWKKIWRVGWNWR
pep_921,GRFKRFRKKLKRLWHKVGPFVGPILHY
pep_922,WRRRYRRWRRRRRWRRRPRR
pep_923,ICIFCCGCCHRSKCGMCCKT
pep_924,FLKLLKKLAAKLF
pep_925,KTCENLADTFRGPCFATSNC
pep_926,GEYCGESCYLIPCFTPGCYCVSRQCVNKN
pep_927,LWKIGKKIWRVLWNWR
pep_928,GLKKVIKLLRPLL
pep_929,ALLDKLKSLGKVVGKVALGVVQNYLNPRQ
pep_930,GIFDVLKNLAKGVITSLKS
pep_931,GALKGCWTKSIPPKPCK
pep_932,HTASDAAAAAALTAANAAAAAAASMA
pep_933,FLSGIVGMLGKLF
pep_934,GLFSVLGAVAKHVLPHVVPVIAEKL
pep_935,GLFGKLIKKFARKAISYAVKKARGKH
pep_936,FAKLLAKLAKKSL
pep_937,KWKLFKKIPLHLAKKF
pep_938,FAGLAANFLPTIICKISYKC
pep_939,GLFDVIKKVASVIKGL
pep_940,KNWKKILGKIIKVVK
pep_941,KKLLPIVANLLKSLL
pep_942,AAWKWAWAKKWAKAKKWAKAA
pep_943,KKCKFFCKVKKKIKSIGFQIPIVSIPFK
pep_944,AMWKDVLKKIGTVALHAGKAALGAVADTISQ
pep_945,KSCCPNTTGRNIYNTCRLGGGSRERCASLSGCKIISASTCPSDYPK
pep_946,RWKIFKKIEKVGQNIRDGIVKAGPAVAVVGQAATI
pep_947,RFRRFRLPFRRIHPPPFVRIHPPPFYRRFL
pep_948,GLPVCGETCVGGTCNTPGCSCSWPVCTRN
pep_949,KMWSKILGHLIR
pep_950,DHYICAKKGGTCNFSPCPLFNRIEGTCYSGKAKCCIR
pep_951,PAWRHAFHWAWHMLHKAA
pep_952,GIGTKILGGVKTALKGALKELASTYAN
pep_953,YSL
pep_954,GLPVCGETCVGGTCNTPGCACSWPVCTRN
pep_955,FAKLLAKLAKAKA
pep_956,GLFDIVKKVVGTIAGL
pep_957,FRGLAKLLKIGLKSFARVLKKVLPKAAKAGKALAKSMADENAIRQQNQ
pep_958,GIGKFLKKAKKFAKAFVKIINN
pep_959,TCCATGACGTTCCTGACGTT
pep_960,AWLDKLKSIGKVVGKVAIGVAKNLLNPQ
pep_961,AIKKFGPLAKIVAKV
pep_962,FIFLPIFRRPVS
pep_963,ANTAFVSSAHNTQKIPAGAPFNRNLRAMLADLRQNAAFAG
pep_964,ALPKKLKYLNLFNDGFNYMGVV
pep_965,GLFSVLGAVAKHVLPHVVPVIAEK
pep_966,KWKLFKKIPKFLH
pep_967,GLFDVIKKVAAVIGGL
pep_968,KIFKKFKTIIKKVWRIFGRF
pep_969,GAVPCGETCVYLPCITPDIGCSCQNKVCYRD
pep_970,GIGKFLHAAKKFAKAFVAEIMNS
pep_971,IIGPVLGLIGKALGGLL
pep_972,IAAHDTPGPVWLS
pep_973,KKIWQKIRNFFQKL
pep_974,GLLRKGGEKIGEKLKKIGQKIKNFFQKLVPQPE
pep_975,KRFKKFFKKVKKSVKKRLKKIFKKPMVIGVTIPF
pep_976,FFPKVAGVAAKVLKKFCTISKKC
pep_977,GIFPIFAKLLGKVIKVASSLISKGRTE
pep_978,CTGAAGGTGCTGTCCCAGAT
pep_979,PRFWEYWLRAME
pep_980,LFRLIKSLIKRLVSAFK
pep_981,KRFKQDGGWSHWSPWSSC
pep_982,RGWRRWGRKWAHGWKKYG
pep_983,FLPFLAKILTGVL
pep_984,FLPILASLAATLGPKLLCLITKKC
pep_985,KWKLFKKIPKFLHSAKKF
pep_986,KKKVVVVVKKK
pep_987,KWCFRVCYRGICYRRCRG
pep_988,AYPGNGVHCGKYSCTVDKQTAIGNIGNNAA
pep_989,FAKLLAKLAKLKL
pep_990,FCTCNVKGFNAKNKRGIIYP
pep_991,MPRRRRSSSRPVRRRRRPRVSRRRRRRGGRRR
pep_992,FLPLLLAGLPKLLCLFFKKC
pep_993,WFKKIPKFLHLLKKF
pep_994,FLPLLAGLAASFLPTIFCKISRKC
pep_995,ATCDLLSMWNVNHSACAAHCLLLGKSGGRCNDDAVCVCRK
pep_996,KILRGVAKKIMRTFLRRISKDILTGKK
pep_997,FAKLLAKKLL
pep_998,FAKLLFKALKKAL
pep_999,FAKLLAKALKKAL
pep_1000,ASSSYPLIHWRPWAR
pep_1001,FLSFPTTKTYFPHFDLSHGSAQVKGHGAK
pep_1002,SKVWRHWRRFWHRAHRLH
pep_1003,GFVDFLKKVAGTIANVVT
pep_1004,FVDLKKIANIINSIFKK
pep_1005,SLFSLIKAGAKFLGKNMLKQGPQYPACKVSKDSENVNWKS
pep_1006,RWKIFKKIERVGQNVRDGIIKAGPAIQVLGTAKALGK
pep_1007,CGESCVWIPCVTSIFNCKCKENKVCYHDKIP
pep_1008,GFMKTWKNVWKNVAATLLKLLK
pep_1009,CSTNTFSLSDYWGNKGNWCTATHECMSWCK
pep_1010,APGNKAECEREKGYCGFLKCSFPFVVSGKCSRFFFCCKNIW
pep_1011,RTCESQSHRFKGPCARDSNCATVCLTEGFSGGDCRGFRRRCFCTRPC
pep_1012,PAWRKAFRAAWRMLKKAA
pep_1013,CRQSCSFGPLTFVCDGNTK
pep_1014,FAFGKGIGKVGKKLL
pep_1015,QSHLSLCRWCCNCCRSNKGC
pep_1016,FALGAVTKVLPKLFCLITRKC
pep_1017,SLDQINVTFLDLEYEMKKLEEAIKKLEESYIDLKEL
pep_1018,FLPFLKSILGKIL
pep_1019,FLGMIPGLIGGLISAFK
pep_1020,TFRAFLSSRLQDLYSIVRRADRAAV
pep_1021,PAWRKAFRKAWRMLKKAA
pep_1022,AIKLVQSPNGNFAASFVLDGTKWIFKSKYYDSSKGYWVGIYEVWDRK
pep_1023,GKWMSFLKHILK
pep_1024,DSHEKRHHEHRRKFHEKHHSHRGY
pep_1025,GLPVCGETCAGGTCNTPGCSCSWPICTRN
pep_1026,GFKDWIKGAAKKLIKTVASSIANQ
pep_1027,GLFKVLGSVAKHLLPHVVPVIAEK
pep_1028,LRKVWRWLRRL
pep_1029,GFMKYIGPLIPHAVKAISDLI
pep_1030,FLSLIPSLVGGSISAFK
pep_1031,WGRAFSRGVRRLARGGRG
pep_1032,GIPCGESCVFIPCISSVIGCSCSSKVCYRN
pep_1033,FFSLLPSLIGGLVSAIK
pep_1034,ILGKLLSTAAGLLSNL
pep_1035,GLFDIIKKIAESI
pep_1036,KKALAKALKHWLPALHKLAKALAKK
pep_1037,ILPIRSLIKKLL
pep_1038,GIGKFLHSAKKWGKAFVGQIMNC
pep_1039,ACDCRGDCFCGGGGIVRRADRAAVP
pep_1040,MPKEKVFLKIEKMGRNIRN
pep_1041,FCTMIPIPRCY
pep_1042,GIFKVLKNLAKGVITSLAS
pep_1043,FLPLLAGLAANFLPQIICKIARKC
pep_1044,INLKAIAAMAKKLL
pep_1045,GLFKVIKKVAKVIKKL
pep_1046,KWKKLLKKPPPLLKKLLKKL
pep_1047,YAKLLAKLAKKAL
pep_1048,GPNFAEISKINTTLLDLSDEMAMLQEVVKQLNDSYI
pep_1049,GLLSVLGSVAKHVLPHVVPVIAEKL
pep_1050,PRFWEYWLALME
pep_1051,GFGCPLNQGACHNHCRSIGRRGGYCAGIIKQTCTCYRK
pep_1052,FLSLIPHIASGIASLVKNF
pep_1053,KSCCPNTTGRNIYNTCRFAGGSRERCAKLSGCKIISASTCPSDYPK
pep_1054,INLKALAALAKKIL
pep_1055,ATYYGNGLYCNKEKCWVDWNQAKGEIGKIIVNGWVNHGPWAPRR
pep_1056,RIWGKHSRYIKIVKRLIQ
pep_1057,ANDPQCLYGNVAAKF
pep_1058,KESRAKKFQRQHMDSDSSPSSSSTYSNQMMRRRNMTQGRSKPVNTFVH
pep_1059,FFPGIIKVASAILPTAICAITKRC
pep_1060,HKCAKIKWRGVHVKYCA
pep_1061,FAKLFAKAFKKAL
pep_1062,GLFKVLGSVAKHLLPHVAPVIAEKL
pep_1063,FLPILAGLAANILPKVFCSITKKC
pep_1064,GLFAVIKKVASVIKGL
pep_1065,GLVTSLIKGAGKLLGGLFGSVTGGQS
pep_1066,FVKLKKIANIINSIFKK
pep_1067,GLFAILKKLVNLVG
pep_1068,GIKKFLKSAKKFVKAFK
pep_1069,KLLKLLLKLYKKLLKLL
pep_1070,WKKIPKFLHLAKKF
pep_1071,GLLQTIKEKLESLESLAKGIVSGIQA
pep_1072,ADMDFTGIAESIIKKIKETNAKPPA
pep_1073,RQVFQVAYIIIKA
pep_1074,ILGKIWKGIKSLF
pep_1075,GALRGCWTKSYPPKPCK
pep_1076,GLLGLLGSVVSHVLPAITQHL
pep_1077,FVDLKKIANIINSIF
pep_1078,CAKAKAKAGSGAKAKAKAC
pep_1079,FAKKLAKLAKKLAKAL
pep_1080,GRFKRFRKKFKKLFKKLSPVIPLLHLG
pep_1081,GFGCPNNYQCHRHCKSIPGRCGGYCGGWHRLPCTCYRCG
pep_1082,LKLKLKLKLKLKLKLKLKLKLKLK
pep_1083,FAKKLAKLAKKLAKLALAL
pep_1084,CIPMAWAVSWPHP
pep_1085,KRKILILIGSG
pep_1086,ATCDLLSGIGVQHSACALHCVFRGNRGGYCTGKGICVCRN
pep_1087,GAIKDALKGAAKTVAVELLKKAQCKLEKTC
pep_1088,NYQWVPYQGRVPYPRGGLLKLLKKLLKKLLKL
pep_1089,FLSHIAGFLSNLF
pep_1090,FLPLVGKILSGLI
pep_1091,AGECVQGRCPSGMCCSQFGYCGRGPKYCGR
pep_1092,ENFFKEIERAGQRIRDAIISAAPAVETLAQAQKIIKGGD
pep_1093,KWKLFKKIGIGKFLHLAKKF
pep_1094,DLFKQLQRLFLGILYCLYKIW
pep_1095,LWKIWWKIWRVWKNWR
pep_1096,FAKKLLAKALKL
pep_1097,GCWSTVLGGLKKFAKGGLEAIVNPK
pep_1098,ICLRLPGC
pep_1099,KWKLFKKIGIGAFLHSAKKF
pep_1100,FLFKLIPKAIKGLIKAFK
pep_1101,FLPLIAGVAASILPKIFCFITKKC
pep_1102,FIFHIIKGLFHAGKMIHGLVTRRRHGVEELQDLDQRAFEREKAFA
pep_1103,VNWKKLLGKLLKVVK
pep_1104,GFFKKAWRKVKHAGRRVLDTAKGVGRHYVNNWLNRYR
pep_1105,RICRRRSAGFKGPCVSNKNCAQVCMQEGWGGGNCDGPLRRCKCMRRC
pep_1106,FLPLIGRVLSGIL
pep_1107,GFGSLFKFLAKKVAKTVAKQAAKQGAKYIANKQTE
pep_1108,LVKRFKKFFRKLKKSVLL
pep_1109,LILKRKRKRKRILI
pep_1110,GMWSKILGHLKR
pep_1111,GKLRLIKKLWVKKWKKKGWKA
pep_1112,RECKTESNTFPGICITKPPCRKACISEKFTDGHCSKILRRCLCTKPC
pep_1113,HQFRFRFRVRRK
pep_1114,LARFVLRILKYGFK
pep_1115,RKIKVYLPRMK
pep_1116,CLGENVPCDKDRPNCCSRYECLEPTGYGWWYASYYCYKKRS
pep_1117,ALRGCWTFSIPPKPCP
pep_1118,KKKLLLLLKKK
pep_1119,FIGTLIPLALGALTKLFK
pep_1120,KAKLAKKALAKLL
pep_1121,RLRRIVVIRVFR
pep_1122,GLLGKILGAGKKVLCGVSGLC
pep_1123,KLALKLALKALKAAKLA
pep_1124,ALSKALSKALSKALSKALSKALSK
pep_1125,IWSFLIKAATKLLPSLFGGGKKDS
pep_1126,PRFWEAWLRLME
pep_1127,FFPIIAGMAAKVICAITKKC
pep_1128,RILRGVSRRIMRRILTGRR
pep_1129,FLSLIPAAISAVSALANHF
pep_1130,HSHRDFQPVLHLVALNSPLSGGMRG
pep_1131,GMWSKILKHLIR
pep_1132,KSCCPNTTGRNIYNACRLTGAPRPTCAKLSGCKIISGSTCPSDYPK
pep_1133,FAKKLAKKLKKLAKKLAK
pep_1134,IIGPVLGLVGKALGGLL
pep_1135,KRKSGSGSKRK
pep_1136,YRGGYTGPIPRPPPIGRPPFRPVCNACYRLSVSDARNCCIKFGSCCHLVK
pep_1137,HHPHGHHPHGHHPHGHHPHG
pep_1138,KWKLFKKIPLKKF
pep_1139,KLAKLAKKLAKLAK
pep_1140,GSIPCGESCVFIPCISAIIGCSCSSKVCYKN
pep_1141,IPCGESCVWIPCISGMFGCSCKDKVCYS
pep_1142,DFKLFAVTIKYR
pep_1143,YHWYGYTPQNVIGGGKLLLKLLKKLLKLLKKK
pep_1144,CREKAKKLFKKILKKL
pep_1145,FKKLKKLFSKLWNWKRKKRRQRRR
pep_1146,ILPIIGKILSTIFGK
pep_1147,GLPVCGETCFGGRCNTPGCTCSYPICTRN
pep_1148,CVKVKVKVGSGVKVKVKVC
pep_1149,VECYGPNRPQF
pep_1150,GSKRWRKFEKRVKKIFEETKEALPVVQGVVGVATAVGRK
pep_1151,KSCCPNTTGRNIYNTCRLTGSSRETCAKLSGCKIISASTCPSNYPK
pep_1152,IFLLWQR
pep_1153,RRRRRRRRGNLWAAQRYGRELRRMSDEFVDSFKK
pep_1154,AIPCGESCVWIPCISTVIGCSCSNKVCYR
pep_1155,GFMKTAKNVAKNVAATLLKLLK
pep_1156,IDWKKLLDAAKQIL
pep_1157,VNWKKILGKIIKVVK
pep_1158,GTSCGETCVLLPCLSSVLGCTCQNKRCYKD
pep_1159,GLPCGESCVFIPCITTVVGCSCKNKVCYNN
pep_1160,GKWKSLLKHILK
pep_1161,FGKGIGKVGKKLL
pep_1162,IKIPSFFRNILKKVGKEAVSLIAGALKQS
pep_1163,FLPILGKLLSGIL
pep_1164,KAAKKWAKAAKKWAKAWKKAA
pep_1165,AIGKFLHSAKKFGKAFVGEIMNS
pep_1166,VDKPPYLPRPRPPRRIYNR
pep_1167,ILELAGNAARDNKKTRIIPRHLQL
pep_1168,GVWDWIKKTAGKIWNSEPVKALKSQALNAAKNFVAEKIGATPS
pep_1169,CGETCVGGTCNTPGCTCSWPVCTRNGLPV
pep_1170,KAAKKAAKAAKKAAKAAKKAA
pep_1171,FLPIVGLLKSLLK
pep_1172,GLLALLGELAEHLGSKI
pep_1173,KFKKFKKFKKFKKFKKFKKFKKFKKFKKFK
pep_1174,GLLSVLGSVAKHVLPHVVPVIAEHL
pep_1175,DQYKCLQHGGFCLRSSCPSNTKLQGTCKPDKPNCCKS
pep_1176,KWCFKVCYKGICYKKCKG
pep_1177,KWKKLAKKW
pep_1178,GFRKRFNKLVKKVKHTIKETANVSKDVAIVAGSGVAVGAAM
pep_1179,KVWKIKKNIRRLLHGIKRGWKG
pep_1180,FAKLF
pep_1181,GLFDIVKKIAGHIA
pep_1182,GRDYRTCLTIVQKLKKMVDKPTQRSVSNAATRVCRTGRSRWRDVCRNFMRRYQSRVTQGLVAGETAQQICEDLR
pep_1183,FFSLIPKLVKGLISAFK
pep_1184,CTFTLPGGGGVCTLTSECIC
pep_1185,GKWKKILGKLIR
pep_1186,MRKEFHNVLSSGQLLADKRPARDYNRK
pep_1187,GFGCPFNQGACHRHCRSIRRRGGYCAGLFKQTCTCYR
pep_1188,ILPWKWRWWKWRR
pep_1189,ITSISLCTPGCKTGALMGCNMKTATCHCSIHVSK
pep_1190,ITKWLLNAIKKGFKL
pep_1191,WLRRIKAWLRRIKA
pep_1192,FAKKLAKKAKLAKKL
pep_1193,AAVPIVNLKDELLFPSWEALFSGSE
pep_1194,VTCYCRRTRCGFRERLSGACGYRGRIYRLCCR
pep_1195,KWKSFLKTFKSLKKTVLHTLLKLISS
pep_1196,GFLKKIGKKLEGAVQRTRDATIQTIAVAQAAANVAATAKQ
pep_1197,EIRLPEPFRFPSPTVPKPIDIDPILPHPWSPRQTYPIIARRS
pep_1198,GFPCGESCVYIPCFTAAIGCSCKSKVCYKN
pep_1199,HLIHRLHTYWHKPWHYLGKL
pep_1200,KCRRYCYRQRCVTYCRGR
pep_1201,FFGWLIKGAIHAGKAIHGLIHRRRH
pep_1202,FAKLLAKLAKK
pep_1203,FMPIIGRLMSGSL
pep_1204,KFKKLAKKW
pep_1205,KKKIIIIIIKKK
pep_1206,ACYCRIGACVSGERLTGACGLNGRIYRLCCR
pep_1207,GMWSKILGHLIR
pep_1208,FFSASCVPGADKGQFPNLCRLCAGTGENKCA
pep_1209,KISKKIMRTFLRR
pep_1210,KAKLF
pep_1211,WEQKIEELLKKAEEQQKKNEEELKKLEKC
pep_1212,FLGGLIKIVPAMICAVTKKC
pep_1213,IIFGVIKALSG
pep_1214,KLKNFAIGVAQSLLNKASCKLSGQC
pep_1215,FAKALAKLAKKLL
pep_1216,GMWSKLLGHLLR
pep_1217,SVAGRAQGM
pep_1218,WALAL
pep_1219,GLPTCGETCFGGTCNTPGCTCDPWPVCTHN
pep_1220,GIPCAESCVWIPCTVTALIGCGCSNKVCYN
pep_1221,ATRSYGNGVYCNNSKCWVNWGEAKENIAGIVISGWASGLAGMGH
pep_1222,KWKSFLKTFKSAKKTVAHTALKAISS
pep_1223,KWKLFKKIPKFLHL
pep_1224,GLFDVIKKVASVIGGL
pep_1225,GLWSKIKNVAAAAGKAALGAL
pep_1226,GIGVLLSAGKAALKGLAKVLAEKYAN
pep_1227,FLKGIVGKLGKLF
pep_1228,DWTAWSALVAAACSVELL
pep_1229,CWVRLGRYLLRRLKTLFT
pep_1230,KKVVFKVKFK
pep_1231,SLLSLIRKLIT
pep_1232,FALKALKK
pep_1233,DFKLFAVYIKYR
pep_1234,FKRIVQRIKDFLR
pep_1235,FLPFLGKLFSGIF
pep_1236,GLWSKIKDAAKTAGKAALGFVNEMV
pep_1237,KSCCKNTTGRNIYNTCRFAGGSRERCAKLSGCKIISASTCPSYPDK
pep_1238,KLLRLLKKLLRLLLK
pep_1239,GLLRKGGEKIGEKLKKIGQKIKNFFQKLVPQPEQ
pep_1240,GWLKKIGKKIERVGQHTRDATIQTIGVAQQAANVAATLK
pep_1241,FIFHIIKGLFHAGKMIHGLVTRRRH
pep_1242,VKAWAKVLKGFGKLLKGFGKL
pep_1243,DPVTYIRNGGICQYRCIGLRHKIGTCGSPFKCCK
pep_1244,IFWLFRGKADVAL
pep_1245,FLPIIAKVLSGLL
pep_1246,GKWMSLWKHILK
pep_1247,PEWFKCRRWQWRMKKLGA
pep_1248,FNATYLKLTGEIADLEQRSESLRNTTEELQSLIYNINNTLVDLEWLNRVE
pep_1249,FKKLKKIANIINSIFKK
pep_1250,RKKRRQRRRLNLKALLAVAKKIL
pep_1251,FLPLVTMLLGKLF
pep_1252,KYKKALKKLAKLL
pep_1253,QIWHKIRKLWQIIKDGF
pep_1254,ALWKNMLKGIGKLAGQAALGAVKTLVGAE
pep_1255,PAWRKARRWARRMKKLAA
pep_1256,FLPAIAGILSQLF
pep_1257,FFPLALLCKVFKKC
pep_1258,FAKLLAKALKKFL
pep_1259,PRFWEYALRLME
pep_1260,GGLKKLGKKLEGAGKRVFNAAEKALPVVAGAKALRK
pep_1261,GIIKKIIKKI
pep_1262,GFMDTAKNVAKNVAVTLIDKLRCKVTGGC
pep_1263,YNKKYMKHLKPCKKA
pep_1264,CIANRNGCQPDGSQGNCCSGYCHKEPGWVAGYCR
pep_1265,AGWGSIFKHIFKAGKFIHGAIQAHND
pep_1266,RLGDGCTR
pep_1267,YKQCHKKGGHCFPKEKICLPPSSDFGKMDCRWRWKCCKKGSG
pep_1268,SKVWRHWRRFWHRAHRKL
pep_1269,GGLRSLGRKILRAWKKYGPIIVPIIRI
pep_1270,PAARKAFRWAWRMLKKAA
pep_1271,WFGKLYRGKTKVVKKVKGLLKG
pep_1272,FLPILAGLAAKLVPKVFCSITKKC
pep_1273,FAKLLAKLAKKL
pep_1274,ALWKTMLKKLGTMALHAGKAALGAAADTISQGTQ
pep_1275,GLFDIIKKIAESF
pep_1276,VRRSKRGIKVPSFVKKVLKDVVSESIS
pep_1277,GIIKKIIIKKIIIKKI
pep_1278,FWGALIKGAAKLIPSVVGLFKKKQ
pep_1279,LVRGCWTKSYPPKPCFVR
pep_1280,KWFRVYRGIYRRR
pep_1281,GIPCGESCVYIPCTVTALLGCSCKDKVCYKN
pep_1282,GLHKVMRKVLGYLRNVYK
pep_1283,ADRGWIKTLTKDCPNVISSICAGTIITACKNCA
pep_1284,SLTQINTTLLDLTYEMLSLQQVVKALNESYIDLKEL
pep_1285,GFLSILKKVLPKVMAHMK
pep_1286,TESYFVFSVGM
pep_1287,ALWKSILKNAGKAALNEINQIV
pep_1288,GACFSIAHECGA
pep_1289,ACYCRIPACFAGERRYGTCFYLGRVWAFCC
pep_1290,FLSTIWNGIKSLL
pep_1291,DFKDWMKTAGEWLKKKGPGILKAAMAAAT
pep_1292,FLKLLAGLLKNFA
pep_1293,LIAHNQVRQV
pep_1294,FLPFLASLLSKVL
pep_1295,QRIRQLHTWIKKAWHIWPKI
pep_1296,CGESCVFIPCITSVAGCSCKSKVCYRNGIP
pep_1297,YIWARAERVWLWWGKFLSL
pep_1298,KWKSFLKTFKSLKKTVLHTALKAISS
pep_1299,GIPCGESCVFIPCTVTALLGCSCKDKVCYKN
pep_1300,GLLSVLGSVAQHVLPHVVPVIAEHL
pep_1301,ACSAG
pep_1302,GKWMTLLKHILK
pep_1303,GIGGVLLSAGKAALKGLAKVLAEKYAN
pep_1304,HPTWPQKSVWHGSDPNGRRLTESY
pep_1305,MWKEFHNVLSSGQLLADKRWARWYNRW
pep_1306,FLSLIPHIVSGVASIAKHF
pep_1307,MPKWKVFKKIEKVGRNIRNGIVKAGPAIAVLGEAKALG
pep_1308,FKAFKAFKAFKAFKAFKAFKAFKAFKAFKA
pep_1309,DTHFPICIFCCGCCHRSKCGMCCKT
pep_1310,MWKWFHNVLSSWQLLADKRPARDYNRK
pep_1311,KAFWGLQH
pep_1312,ASIVKTTIKASKKLCRGFTLTCGCHFTGKK
pep_1313,FALALKALKKLKKALKKAL
pep_1314,ATCDLFSFRSKWVTPNHAACAAHCLLRGNRGGRCKGTICHCRK
pep_1315,IPCGESCVWIPCITAIAGCSCKNKVCYT
pep_1316,FLPIVGRLISGLL
pep_1317,GWGSFFKKAAHVGKHVGKAALTHYL
pep_1318,FAKLLAKLAKAKG
pep_1319,FLGLIPALAGAIGNLIK
pep_1320,AKKVFKRLEKLFSKIQNDK
pep_1321,RRWCVYAYVRVRGVRVYAYVCW
pep_1322,KAAKKAAKKAAKKAAKKAAKKAAKKAAK
pep_1323,FVQWFSKFLGRIL
pep_1324,KFKKLAKKF
pep_1325,GLFKVLGSVAKHLLPHVAPVIAEK
pep_1326,LLGDFFRKSKEKIGKEFKRIVQRIKDFLRNLVPRTES
pep_1327,GDACGETCFTGICFTAGCSCNPWPTCTRN
pep_1328,KWKLFKKIGIGAVLKVLTTG
pep_1329,FAKKLAKLALKLAKL
pep_1330,FLPIVGKLLSGLSGLL
pep_1331,CGESCVFIPCISTLLGCSCKNKVCYRNGVIP
pep_1332,IRIILRAQGALKI
pep_1333,ASIIKTTIKVSKAVCKTLTCICTGSCSNCK
pep_1334,LLGDFFRKSKEK
pep_1335,ILGPVISTIGGVLGGLLKNL
pep_1336,GFGKAFHSVSNFAKKHKTA
pep_1337,DLRFLYPRGKLPVPTLPPFNPKPIYIDMGNRY
pep_1338,DPQTDCQQCQRRCRQQESGPRQQQYCQRRCKEICEEEEEYN
pep_1339,ELCEKASQTWSGTCGKTKHCDDQCKSWEGAAHGACHVRDGKHMCFCYFNC
pep_1340,GQVWEATATVNAIRGSVTPAVSQFNARTAD
pep_1341,FLPALAGIAGLLGKIF
pep_1342,CANSCSYGPLTWSCDGNTK
pep_1343,KCVRQNNKRVCKGLRKRLRKFRNK
pep_1344,DCYCRIPACIAGERRYGTCIYQGRLWAFCC
pep_1345,WFKKIPKFLHLAKKF
pep_1346,VALTGLTVAEYFR
pep_1347,GLFKVIKKVASVIGGL
pep_1348,FAKLLAKAFKKAL
pep_1349,FIHHIIGGLFSAGKAIHRLIRRRRR
pep_1350,GFLDIIKDTGKEFAVKILNNLKCKLAGGCPP
pep_1351,ALFSILRGLKKLGNMGQAFVNCKIYKKC
pep_1352,FLPILINLIHKGLL
pep_1353,KWKIFKKIEKVGRNIRNGIIKAGPAVAVLGEAKAL
pep_1354,LRLKSIVSYAKKVL
pep_1355,FLFRVASKVFPALIGKFKKK
pep_1356,FLSLIPKAIKAVSALAKKL
pep_1357,GIFDVLKNLAKGVITSLAS
pep_1358,KAAKKWAKAWKKAAKAWKKAA
pep_1359,KFAFKFAFKFAFKFAFKFAFKFAFKFAF
pep_1360,KRIGLIRLIGKILRGLRRLG
pep_1361,KKALAHALKKWLPALKKLAHALAKK
pep_1362,FLPIASLLGKYL
pep_1363,KWLRRVWRWWR
pep_1364,IFGTILGFLKGL
pep_1365,KKKFFFFFKKK
pep_1366,FLWIKLGKLAGAVLKLILGLKKVV
pep_1367,KKKFPWWWPFKKKCKKKFPWWWPFKKKC
pep_1368,SPWPRPTY
pep_1369,PAWAKAFRAAARMKLKAA
pep_1370,RGSALTHLP
pep_1371,VALALKALKKLAKKLKKLAKKAL
pep_1372,FLPILGNLLSGLL
pep_1373,KILRGVAKKILRTFLRRISKDILTGKK
pep_1374,FKLFKKIPKFLHLAKKF
pep_1375,FLPIITNLLGKLL
pep_1376,FLPPSPWKETFRTS
pep_1377,GLMDMLKKVGKVALTVAKSALLP
pep_1378,FKLAFKLAKKAFL
pep_1379,DVIKKVASVIGGL
pep_1380,LVRRFRRFFRRLRRSVLL
pep_1381,QSHLSMCSVCCNCCKNYKGCGFCCRF
pep_1382,FAKKFAKKFKKFAKKFAKFAFAF
pep_1383,FFPMLAGVAARVVPKVICLITKKC
pep_1384,GLFDIAKKVIGVIGSL
pep_1385,DDNPNENDNPDSKPDDSSKNPEPGFPKFLSILGSEIIENAVDFILRSMSRGSSFMELEGDPGQQPSKVT
pep_1386,FALALKKALKALKKAL
pep_1387,KWKLFKKKTKLFKKFAKKLAKKL
pep_1388,FFPIIAGMAAKLIPSLFCKITKKC
pep_1389,GKWSKILGHLIR
pep_1390,LMMLILAMNRKDKKKEKK
pep_1391,DSHEKRHHGYRRKFHEKHHSHREFPFYGDYGSNYLYDN
pep_1392,KILRGVAKKIMRTFLRRISKKILTGKK
pep_1393,KSCCPSTTARNIYNTCRLTGASRSVCASLSGCKIISGSTCDSGWNH
pep_1394,KRLRRVWRRWR
pep_1395,GLICESCRKIIQKLEDMVGPQPNEDTVTQAASRVCDKMKILRGVCKKIMRTFLRRISKDILTGKKPQAICVDIKICKE
pep_1396,GETDPNTQLLNDLGNNMAWGAALGAPGGLGSAALGAAGGALQTVGQGLIDHGPVNVFIPVLIGPSWNGSGSGYNSATSSSGSGS
pep_1397,FLPVVAGLAAKVLPSIICAVTKKC
pep_1398,RFRLPFRRPPIRIHPPPFYPPFRRFL
pep_1399,FLPVIAGLLSKLF
pep_1400,GLFDIIKKVASVIGGL
pep_1401,DKLIGSCVWGATNYTSDCNAECKRRGYKGGHCGSFWNVNCWCEE
pep_1402,RWCRRYRVRVRGVLVYAYVCW
pep_1403,GSEGPLKPGARIFSFDGKDVLRHPT
pep_1404,SILSLFKMGAKALGKTLIKQAGKAGAEYVACKATNQC
pep_1405,RLLRLLRRLLRLLR
pep_1406,GWRTLLKKAEVKTVGKLALKHYL
pep_1407,RLMRIFRILKLAR
pep_1408,GLFSKKGGKGGKSWIKGVFKGIKGIGKEVGGDVIRTGIEIAACKIKGEC
pep_1409,FFPVIGRILNGIL
pep_1410,HHPHGHHPHG
pep_1411,MANAGLQLLGFILAFLGW
pep_1412,PLLQATLGGGS
pep_1413,GFGCPNNYACHQHCKSIRGYCGGYCAGWFRLRCTCYRCG
pep_1414,CGESCVWIPCISAAIGCSCKNKVCYRAIP
pep_1415,SWLSKTAKKLENSAKKRISEGIAIAIQGGPR
pep_1416,VALALKALKKALKKLKKALKKAL
pep_1417,KLIHRLKTVFKKVWHFLGHL
pep_1418,GLFAVIKKVAAVIRRL
pep_1419,ALWKEVLKNAGKAALNEINNLV
pep_1420,GLFAVIKKVAAVIKKL
pep_1421,FDIVKKVVGTIAGL
pep_1422,FLGVALKLGKVLGKALLPLASSLLHSQ
pep_1423,FAKAIAKIAFGKGIGKVGKKLL
pep_1424,CAWYNISCRLGNKGAYCTLTVECMPSCN
pep_1425,GLFAVIHKVASVIGGL
pep_1426,PRFWEYWLRLME
pep_1427,GLWSKIKEAAKAAGKAALNAVTGLVNQGDQPS
pep_1428,FITLLLRKFICSITKKC
pep_1429,HIFKKVKTYWKKLFRILGRF
pep_1430,TTKKEELEKKKKT
pep_1431,FLGGLMKAFPAIICAVTKKC
pep_1432,FAEPLPSEEEGESYSKEPPEMEKRYGGFM
pep_1433,FALLKALKKAL
pep_1434,GKWMKLLKHILK
pep_1435,RRRQRRKKRGGGDTRLNTVWMW
pep_1436,CASYFCRWWWRR
pep_1437,KWKLFKKIPKFLHLAKK
pep_1438,KVNHAACAAHCLLKRKRGGYCNKRRICVCRN
pep_1439,GFGMALKLLKKVL
pep_1440,VNWKKILKKIIKVVK
pep_1441,FFGTALKIAANILPTAICKILKKC
pep_1442,AGGKRIVQRIKDFLRGAGGKRIVQRIKDFLRG
pep_1443,FIFHIIKGLFHAGKMI
pep_1444,DDALRRLLRRLLRRL
pep_1445,FLPLLASLFSGLF
pep_1446,KNWKKILKKIIKVVK
pep_1447,FLPILASLAAKFGPKLFCLVTKKC
pep_1448,FKLGSFLKKAWKSKLAKKLRAKGKEMLKDYAKGLLEGGSEEVPGQ
pep_1449,ALWKTLLKHVGKAAGKAALNAVTDMVNQ
pep_1450,FIGTALGIASAIPAIVKLFK
pep_1451,AQCGAQGGGATCPGGLCCSQWGWCGSTPKYCGAGCQSNCK
pep_1452,VYINKLTPPCGTMYYACEAV
pep_1453,GFLGPLLKLAAKGVAKVIPHLIPSRQQ
pep_1454,KWCVYAYVKVKGVLVKYKKCW
pep_1455,KKAAKAWAKGAKKAKKLAKGAG
pep_1456,FLPIIAGVAAKVLPKIFCAISKKC
pep_1457,GFFGKMKEYFKKFGASFKRRFANLKKRL
pep_1458,GVFDTVKKIGKAVGKFALGVAKNYLNS
pep_1459,GFRDVLKGAAKAFVKTVAGHIANI
pep_1460,PQAAIVASG
pep_1461,AISYGNGVYCNKEKCWVNKAENKQAITGIVIGGWASSLAGMGH
pep_1462,GFFSTVKNLATNVAGTVIDTLKCKVTGGCRS
pep_1463,QDGMYQRFLRQHVHPEETGGSDRYSNLMMQRRKMTLYHSKRFNTFIH
pep_1464,GDGDIMKGIAGH
pep_1465,GKKLKKIGQKIKNFFQKL
pep_1466,KWKLFKKIGIGAVLKVLKKG
pep_1467,KLLLKLKLKLLK
pep_1468,VNFKKLLGKLLKVVK
pep_1469,KKRLKKIFKKPMVIGVTIPF
pep_1470,FKLVWKLLKKLALKL
pep_1471,KLYKKFRHILKKVWHYVGKI
pep_1472,GFCWRACVYRNGVRACYRRCN
pep_1473,ILPILSLIGGLL
pep_1474,FLPAIFRMAAKVVPTIICSITKKC
pep_1475,VAKLLAKLAKKLL
pep_1476,GIGDPVTCLKSGAICHPVFCPRRYKQIGTCGLPGTK
pep_1477,LIKKLKEYLKKLI
pep_1478,GLLGPLLKIAAKVGSNLL
pep_1479,RWFRIQLQIRRWRNRR
pep_1480,GWYEIIKKIYKWLK
pep_1481,TLYKKFRHFLKKPWHVVGKI
pep_1482,LTAEHYAAQATS
pep_1483,KVKVKVKVPPTKVKVKVK
pep_1484,RFRLPFRRPWPIRIHPPPFYPWPFRRFL
pep_1485,FALKALKKAL
pep_1486,ATPATPTVAQFVIQGSTICLVC
pep_1487,LFGMALKLLKKVL
pep_1488,FKRLAKIKVLRLAKIKR
pep_1489,LNLKKLLKVAKKIL
pep_1490,IFGAIWKGISSLL
pep_1491,FALLKL
pep_1492,GKWSKILGKLIR
pep_1493,GGVCPKILQRCRRDSDCPGACICRGNGYCGSGSD
pep_1494,FFHHIFRGIVHVGKTIHRLVTG
pep_1495,AGCIKNGGRCNASAGPPYCCSSYCFQIAGQSYGVCKNR
pep_1496,SQETFSDLWKLLPEN
pep_1497,KWAKKAAKWAKKAAKWAKKAA
pep_1498,AFKLLGRIIHHVGNFVYGFSHVF
pep_1499,YERDPRQQYEQCQRRCESEATEEREQEQCEQRCEREYKEQQRQQEEE
pep_1500,FLPLLFGAISHLL
pep_1501,CHTNGGYCVRAICPPSARRPGSCFPEKNPCCKYM
pep_1502,ESEFDRQEYEECKRQCMQLETSGQMRRCVSQCDKRFEEDIDWSKYDNQD
pep_1503,FLSLIPKAIKAVKALAKKL
pep_1504,VKRTKRGARRGLTKVLKKIFGSIVKKAVSKGV
pep_1505,FLPVLAGIAAKVVPALFCKITKKC
pep_1506,VNWKKILPKIIKVVK
pep_1507,GAARKSIRLHRLYTWKATIYTR
pep_1508,EQCGRQAGGKLCPNNLCCSQYGWCGSSDDYCSPSKNCQSNCKGGG
pep_1509,FLPVIAGVAANFLPKLFCAISKKC
pep_1510,NPEKALEKLIAIQKAIKGMLNGWFTGVGFRRKR
pep_1511,CHHNLTAAC
pep_1512,VGTDFSGNDDISDVQK
pep_1513,GLPVCGETCFGGTCNTPGCACDPWPVCTRD
pep_1514,FLPKLLAGLPSFLCLVFKKC
pep_1515,DGRCLLIIKLAKLAKKLAKLAK
pep_1516,RCLPAGKTCVRGPMRVPCCGSCSQNKCT
pep_1517,FLPLIGKLLSGLY
pep_1518,AIGSILGALAKGLPTLISWIKNR
pep_1519,KWKLAKKALALL
pep_1520,KRMGIFHLFWAGLRKLGNLIKNKIQQGIENFLG
pep_1521,SKWQHQQDSCRKQLQGVNLTPCEKHIMEKIQGRGDDDDDDDDD
pep_1522,FLPAALAGIGGILGKLF
pep_1523,GIVTILKGAVGVILGGL
pep_1524,ACGILHDNCVYVPAQNPCCRGLQCRYGKCLVQV
pep_1525,GLFGVLGSIAKHVLPHVVPVIAEKL
pep_1526,FLKLLKKLAAKFLPTIICKISYKC
pep_1527,GLFGVLGSIAKHVLPHVVPVIAEK
pep_1528,KWKLFKKISKFLHLAKKF
pep_1529,FAKKLKKLAKLAKKL
pep_1530,FVPYNPPRPYQSKPFPSFPGHGPFNPKIQWPYPLPNPGH
