id,Sequence,length,Predicted_Probability,Prediction,ACPred-BMF,AcPEP,AcPEP
gen_02,IFFMITKKHFKK,12,0.9961,ACP,ACP,ACP,0.983200887
gen_03,LLSYIGPIIRGIT,13,0.8326,ACP,ACP,ACP,0.963000693
gen_04,FFAKIAGALAKFA,13,1,ACP,ACP,ACP,0.98685119
gen_06,PKLFKKIAKLWRML,14,1,ACP,ACP,ACP,0.999998097
gen_08,LMVYRYAGHFI,11,0.9798,ACP,ACP,ACP,0.86727287
gen_09,RRGRRYWWYWM,11,1,ACP,ACP,ACP,0.960175789
gen_10,VFWKKFLGWFIK,12,1,ACP,ACP,ACP,0.968655217
gen_12,VKLFKYLKKLLK,12,1,ACP,ACP,ACP,0.995652875
gen_13,GLFDVVKKVGGLL,13,0.9992,ACP,ACP,ACP,0.988724124
gen_16,IRRWFWRLNKHLKK,14,1,ACP,ACP,ACP,0.994307461
gen_17,LCYRRWYRRRR,11,0.9985,ACP,ACP,ACP,0.980627793
gen_19,FLPLLGKIASGIL,13,0.8342,ACP,ACP,ACP,0.999995329
gen_20,IRGWEWCLRRHWGK,14,0.9761,ACP,ACP,ACP,0.968408721
gen_22,VILWKYLWKKIR,12,1,ACP,ACP,ACP,0.989097963
gen_23,FLPVIAGMLGSFF,13,0.9361,ACP,ACP,ACP,0.987074347
gen_24,GMFVIVKTHFI,11,0.9127,ACP,ACP,ACP,0.647719238
gen_25,KWKRKWRWWRVRR,13,1,ACP,ACP,ACP,0.927611058
gen_26,GLFDIILKVVGTG,13,0.9141,ACP,ACP,ACP,0.931616151
gen_28,RKRRFFIWRYLIR,13,1,ACP,ACP,ACP,0.99420374
gen_30,CFTLAYILKLMW,12,0.9951,ACP,ACP,ACP,0.910752318
gen_32,IRRFFRWWRRMIR,13,1,ACP,ACP,ACP,0.9999916
gen_33,GIPDLIKCYWKR,12,0.937,ACP,ACP,ACP,0.794991459
gen_34,GLPICGGLVAKVL,13,0.8533,ACP,ACP,ACP,0.959448705
gen_36,KLFKILKKIGKTL,13,1,ACP,ACP,ACP,0.991993163
gen_37,LKLLAVLKKLLT,12,0.997,ACP,ACP,ACP,0.971505053
gen_38,GFGAIIKGVGSVILL,15,0.9666,ACP,ACP,ACP,0.991189699
gen_40,PRLWKIWRKLIR,12,1,ACP,ACP,ACP,0.999999551
gen_42,VNWRKILGHIIRVL,14,0.9971,ACP,ACP,ACP,0.997248745
gen_43,FMSLLYIAKLL,11,0.9985,ACP,ACP,ACP,0.699405707
gen_46,FLPLITKLISSVI,13,0.9977,ACP,ACP,ACP,0.978680851
gen_47,FLSLIVPIGRRIL,13,0.9977,ACP,ACP,ACP,0.994991874
gen_48,GFSYIVAGILS,11,0.986,ACP,ACP,ACP,0.891577121
gen_49,FLPLILGLLKKIL,13,0.9283,ACP,ACP,ACP,0.996293317
gen_50,FAKLLALALKKL,12,1,ACP,ACP,ACP,0.99998427
gen_53,KLLLIVKKLGRLVA,14,1,ACP,ACP,ACP,0.969039675
gen_54,RRRWEYWLRKMRK,13,1,ACP,ACP,ACP,0.97232164
gen_55,GAKKKASLAAKLL,13,0.6578,ACP,ACP,ACP,0.990127915
gen_56,FAPALASALAKAL,13,0.9963,ACP,ACP,ACP,0.785366176
gen_59,GIFVGLRTYFKK,12,0.9972,ACP,ACP,ACP,0.999998318
gen_61,KAKKLALKKKKLAK,14,1,ACP,ACP,ACP,0.992260912
gen_62,GFVKKLRGYFKK,12,1,ACP,ACP,ACP,0.988892814
gen_63,GNWGSILKHIIKVV,14,0.9955,ACP,ACP,ACP,0.999997157
gen_64,IKIFAKILGILKKWH,15,1,ACP,ACP,ACP,0.99999981
gen_65,GAWDAILKKLL,11,0.9959,ACP,ACP,ACP,0.848982037
gen_68,FFGAACKGVLAAKIF,15,0.9641,ACP,ACP,ACP,0.99674844
gen_69,FLFLIIKKVSGLIAL,15,1,ACP,ACP,ACP,0.920947731
gen_70,ALPKLLGSLFKKFL,14,0.9977,ACP,ACP,ACP,0.999992838
gen_71,VAKLKKWAKKWR,12,1,ACP,ACP,ACP,0.985176096
gen_73,GLIKSLKKVILK,12,0.9963,ACP,ACP,ACP,0.997431317
gen_75,FLFGIIKKLISGLG,14,0.9573,ACP,ACP,ACP,0.999993119
gen_76,FSGAISHVARHVG,13,0.5196,ACP,ACP,ACP,0.989268311
gen_77,FLPGIVSILSSLF,13,0.9985,ACP,ACP,ACP,0.942977068
gen_78,FLPAIAGVLAKLL,13,0.9674,ACP,ACP,ACP,0.999986698
gen_79,FLLKILLKIGSK,12,0.9963,ACP,ACP,ACP,0.960072325
gen_80,KWKLFLRLGKRILKH,15,1,ACP,ACP,ACP,0.999999672
gen_81,FLPVLGSILST,11,0.9244,ACP,ACP,ACP,0.823242569
gen_83,GFWDAIKGVLAV,12,0.8853,ACP,ACP,ACP,0.978094069
gen_84,EILPRFFRGILKPL,14,0.9983,ACP,ACP,ACP,0.995392427
gen_86,FLKLLGKILSTIL,13,0.997,ACP,ACP,ACP,0.989280341
gen_87,FRGHIARLAKKLG,13,0.9967,ACP,ACP,ACP,0.9748462
gen_88,AKLKILLKLPRKAK,14,1,ACP,ACP,ACP,0.994988566
gen_91,FAGALAAAKKHVI,13,0.5417,ACP,ACP,ACP,0.991860864
gen_93,IFIVRLRTIFK,11,0.9963,ACP,ACP,ACP,0.984741928
gen_94,MWKAWWYVLSVLF,13,0.512,ACP,ACP,ACP,0.982267476
gen_95,FAWAVAAGLASVF,13,0.9867,ACP,ACP,ACP,0.80733995
gen_97,KWKLFWKVLRRLL,13,0.9992,ACP,ACP,ACP,0.98998519
gen_98,FAKALAKVASKAL,13,1,ACP,ACP,ACP,0.999987696
gen_99,ALLGRLPTCTRKPW,14,0.6009,ACP,ACP,ACP,0.925024081
gen_100,GMIRKIKTYIIR,12,1,ACP,ACP,ACP,0.999996494
