sequence,probability,predicted_label
RRRIWRRWRWT,0.99967426,1
IFFMITKKHFKK,0.9996522,1
LLSYIGPIIRGIT,0.9978742,1
FFAKIAGALAKFA,0.9996749,1
CGGACSYGPSTVG,0.0012950279,0
PKLFKKIAKLWRML,0.99967575,1
RKRFFRRWLYRLRK,0.99967605,1
LMVYRYAGHFI,0.027381746,0
RRGRRYWWYWM,0.99962914,1
VFWKKFLGWFIK,0.9996738,1
SKKLKKWLKKLRK,0.9996761,1
VKLFKYLKKLLK,0.9996758,1
GLFDVVKKVGGLL,0.9996721,1
CGLAACAGVLAWSLS,0.9764438,1
SMLYIILGHGIRV,0.18826272,0
IRRWFWRLNKHLKK,0.99967456,1
LCYRRWYRRRR,0.999673,1
GILRRIKTYIRGVL,0.9996564,1
FLPLLGKIASGIL,0.999671,1
IRGWEWCLRRHWGK,0.999629,1
ALLGLLSKGPLLPG,0.99965364,1
VILWKYLWKKIR,0.9996229,1
FLPVIAGMLGSFF,0.9994712,1
GMFVIVKTHFI,0.97382736,1
KWKRKWRWWRVRR,0.9996759,1
GLFDIILKVVGTG,0.99961734,1
VNWKKFLAKYWKML,0.999669,1
RKRRFFIWRYLIR,0.99965835,1
CRPYGGCIPSG,0.00179208,0
CFTLAYILKLMW,0.9492985,1
RVRRFRRIGRRIT,0.9996093,1
IRRFFRWWRRMIR,0.9996749,1
GIPDLIKCYWKR,0.9995039,1
GLPICGGLVAKVL,0.9994304,1
FLLGLLLAIGLVSAG,0.9996512,1
KLFKILKKIGKTL,0.9996758,1
LKLLAVLKKLLT,0.9996756,1
GFGAIIKGVGSVILL,0.99958116,1
FAVLYWRALST,0.29436028,0
PRLWKIWRKLIR,0.9996732,1
FAPALASALASLL,0.9996169,1
VNWRKILGHIIRVL,0.9993138,1
FMSLLYIAKLL,0.99613714,1
ILRIAGKLAKGIL,0.99967366,1
FLGVVGEGISG,0.3729235,0
FLPLITKLISSVI,0.99923474,1
FLSLIVPIGRRIL,0.9996003,1
GFSYIVAGILS,0.97978,1
FLPLILGLLKKIL,0.9996752,1
FAKLLALALKKL,0.9996759,1
IRRWIGKLRKKIL,0.9996755,1
GLFVIVGTLVSGLG,0.9992726,1
KLLLIVKKLGRLVA,0.9996756,1
RRRWEYWLRKMRK,0.99967337,1
GAKKKASLAAKLL,0.9996753,1
FAPALASALAKAL,0.99966455,1
RRRWEWRLRRM,0.9996723,1
GLGVVLGGIGSVFPP,0.9179873,1
GIFVGLRTYFKK,0.99933785,1
IRIDEGCTYFG,0.0017736447,0
KAKKLALKKKKLAK,0.99967617,1
GFVKKLRGYFKK,0.99966973,1
GNWGSILKHIIKVV,0.99928355,1
IKIFAKILGILKKWH,0.9996697,1
GAWDAILKKLL,0.99966455,1
FLPLLTILLGGL,0.9996659,1
FLSLIVGGISGVF,0.99957556,1
FFGAACKGVLAAKIF,0.999645,1
FLFLIIKKVSGLIAL,0.99966615,1
ALPKLLGSLFKKFL,0.99967587,1
VAKLKKWAKKWR,0.99967545,1
GLWKIIGKLASVLLK,0.99967515,1
GLIKSLKKVILK,0.99967456,1
ILSPALILVLL,0.99765885,1
FLFGIIKKLISGLG,0.99967134,1
FSGAISHVARHVG,0.9470531,1
FLPGIVSILSSLF,0.99930936,1
FLPAIAGVLAKLL,0.9996735,1
FLLKILLKIGSK,0.9996705,1
KWKLFLRLGKRILKH,0.9996757,1
FLPVLGSILST,0.97486645,1
RRPWIGKWLWK,0.9996754,1
GFWDAIKGVLAV,0.9996664,1
EILPRFFRGILKPL,0.99962866,1
GLGDVIKIYWK,0.9978758,1
FLKLLGKILSTIL,0.99967027,1
FRGHIARLAKKLG,0.9996468,1
AKLKILLKLPRKAK,0.999676,1
SIKKKIFRWIIK,0.9996623,1
RKLWRRIPKLM,0.99967366,1
FAGALAAAKKHVI,0.99922055,1
ILFVIVKTCTGTLG,0.99416035,1
IFIVRLRTIFK,0.9995974,1
MWKAWWYVLSVLF,0.99950874,1
FAWAVAAGLASVF,0.9996131,1
SMLMLILALIS,0.91733533,1
KWKLFWKVLRRLL,0.999676,1
FAKALAKVASKAL,0.9996754,1
ALLGRLPTCTRKPW,0.9993773,1
GMIRKIKTYIIR,0.9982406,1
